-- ============================================================
-- 부산 관광 데이터 시드 DML (TourAPI 4.0 정제본) — SQLite 변환본
-- 생성 행 수: district 16 / place_type 2 / place 422
-- 실행 순서: district → place_type → place (FK 참조 순서)
-- ============================================================

-- SQLite는 UTF-8이 기본이라 세션 변수 설정이 불필요합니다.
-- BEGIN/COMMIT은 두지 않습니다. GUI 도구(DB Browser 등)가 이미 트랜잭션을
-- 열어둔 상태로 스크립트를 실행하므로 중첩 오류가 발생합니다.

-- 선행 조건: schema_sqlite.sql 로 테이블을 먼저 생성하세요.

-- ------------------------------------------------------------
-- 재실행 대비 초기화 (기존 데이터 삭제가 필요 없으면 아래 3줄 주석 처리)
-- ------------------------------------------------------------
DELETE FROM `place`;
DELETE FROM `place_type`;
DELETE FROM `district`;

-- ------------------------------------------------------------
-- 1. district (16건)
-- ------------------------------------------------------------
INSERT INTO `district` (`id`, `name`) VALUES
  (1, '중구'),
  (2, '서구'),
  (3, '동구'),
  (4, '영도구'),
  (5, '부산진구'),
  (6, '동래구'),
  (7, '남구'),
  (8, '북구'),
  (9, '해운대구'),
  (10, '사하구'),
  (11, '금정구'),
  (12, '강서구'),
  (13, '연제구'),
  (14, '수영구'),
  (15, '사상구'),
  (16, '기장군');

-- ------------------------------------------------------------
-- 2. place_type (2건)
-- ------------------------------------------------------------
INSERT INTO `place_type` (`id`, `code`, `name`) VALUES
  (1, 'TOURIST', '명소'),
  (2, 'FESTIVAL', '축제');

-- ------------------------------------------------------------
-- 3. place (422건) - TOURIST 350 / FESTIVAL 72
-- ------------------------------------------------------------
INSERT INTO `place` (`id`, `name`, `type_id`, `description`, `district_id`, `latitude`, `longitude`, `address`, `operating_info`, `image_url_1`, `image_url_2`) VALUES
  (1, 'KT&G 상상마당 부산', 1, '부산 부산진구의 KT&G 상상마당 부산은 문화 콘텐츠를 다양하게 경험할 수 있는 공간입니다. 프로그램 일정에 따라 방문 계획을 세우면 좋습니다.', 5, 35.154277104, 129.0573021838, '부산광역시 부산진구 서면로 39', '10:00~19:00 · 매주 월요일 휴관', 'https://tong.visitkorea.or.kr/cms/resource/17/3541017_image2_1.jpg', 'https://tong.visitkorea.or.kr/cms/resource/17/3541017_image3_1.jpg'),
  (2, '유엔기념공원', 1, '유엔기념공원은 부산 남구의 도심 공원입니다. 산책로와 휴식 공간이 잘 갖춰져 있어 일상 가까이에서 여유를 찾을 수 있습니다.', 7, 35.1277309389, 129.0952827131, '부산광역시 남구 유엔평화로 93 유엔기념공원', '상시 개방 · 연중무휴 · 무료', 'https://tong.visitkorea.or.kr/cms/resource/39/4055739_image2_1.png', 'https://tong.visitkorea.or.kr/cms/resource/39/4055739_image3_1.png'),
  (3, '비석문화마을', 1, '부산 서구에 위치한 비석문화마을은 지역 특유의 분위기가 살아 있는 거리입니다. 골목마다 다른 가게와 풍경이 이어집니다.', 2, 35.0998088253, 129.0124202609, '부산광역시 서구 아미로 49 (아미동2가)', '상시 개방 · 점포별 운영 시간 상이', 'https://tong.visitkorea.or.kr/cms/resource/31/4068231_image2_1.jpg', 'https://tong.visitkorea.or.kr/cms/resource/31/4068231_image3_1.jpg'),
  (4, '이송도전망대', 1, '이송도전망대는 부산 영도구의 전망 명소입니다. 도시와 바다가 함께 담기는 시야 덕분에 사진 촬영지로도 인기가 많습니다.', 4, 35.075519, 129.047956, '부산광역시 영도구 절영로 246-36 (영선동4가)', '상시 개방 · 연중무휴 · 무료', 'https://tong.visitkorea.or.kr/cms/resource/81/3495881_image2_1.jpg', 'https://tong.visitkorea.or.kr/cms/resource/81/3495881_image3_1.jpg'),
  (5, '밀락더마켓', 1, '부산 수영구에 위치한 밀락더마켓은 독특한 테마와 체험 요소로 알려진 곳입니다. 일정 중 색다른 시간을 보내고 싶을 때 들르기 좋습니다.', 14, 35.1542200827, 129.1270373527, '부산광역시 수영구 민락수변로17번길 56', '10:00~19:00 · 연중무휴 · 유료', 'https://tong.visitkorea.or.kr/cms/resource/36/3495536_image2_1.jpg', 'https://tong.visitkorea.or.kr/cms/resource/36/3495536_image3_1.jpg'),
  (6, '해리단길', 1, '해리단길은 부산 해운대구의 개성 있는 거리입니다. 카페와 상점, 골목 풍경이 어우러져 걸으며 둘러보는 재미가 있습니다.', 9, 35.1648388507, 129.1576008763, '부산 해운대구 우동 510-7', '상시 개방 · 점포별 운영 시간 상이', 'https://tong.visitkorea.or.kr/cms/resource/37/3492437_image2_1.jpg', 'https://tong.visitkorea.or.kr/cms/resource/37/3492437_image3_1.jpg'),
  (7, '주식회사 놀핏', 1, '부산 사하구에 위치한 주식회사 놀핏은 독특한 테마와 체험 요소로 알려진 곳입니다. 일정 중 색다른 시간을 보내고 싶을 때 들르기 좋습니다.', 10, 35.0793068504, 128.9516015875, '부산광역시 사하구 장림로93번길 74 (장림동) 맛술촌 11호', '10:00~19:00 · 연중무휴 · 유료', 'https://tong.visitkorea.or.kr/cms/resource/69/4059269_image2_1.jpg', 'https://tong.visitkorea.or.kr/cms/resource/69/4059269_image3_1.jpg'),
  (8, '보수동 책방골목', 1, '보수동 책방골목은 부산 중구에 자리한 문화·교육 체험 공간입니다. 전시와 참여형 프로그램이 함께 운영되어 배우며 즐기기 좋습니다.', 1, 35.1031742254, 129.0272841727, '부산광역시 중구 대청로 67-1', '10:00~18:00 · 매주 월요일 휴관 · 프로그램별 요금 상이', 'https://tong.visitkorea.or.kr/cms/resource/32/4055732_image2_1.png', 'https://tong.visitkorea.or.kr/cms/resource/32/4055732_image3_1.png'),
  (9, '구상반려암 (부산 국가지질공원)', 1, '부산 부산진구의 구상반려암 (부산 국가지질공원)은 자연 학습과 휴식을 함께할 수 있는 공원입니다. 가족 단위 나들이 장소로 자주 찾는 곳입니다.', 5, 35.1630791231, 129.072147778, '부산광역시 부산진구 전포동', '상시 개방 · 연중무휴 · 무료', NULL, NULL),
  (10, '더바디성형외과의원', 1, '더바디성형외과의원은 부산 부산진구에 위치한 휴식·웰니스 공간입니다. 여행 중 지친 몸을 재정비하기 좋은 시설을 갖추고 있습니다.', 5, 35.1554132968823, 129.05756401242633, '부산광역시 부산진구 서면로 51 (부전동) 부산광역시 부산진구 서면로 51 4~7층', '09:00~22:00 · 연중무휴 · 유료', NULL, NULL),
  (11, '김민부전망대', 1, '부산 동구에 자리한 김민부전망대는 지역의 상징적인 장소로 꼽힙니다. 잠시 머무르며 도시의 풍경을 내려다보기 좋습니다.', 3, 35.1176994980395, 129.035345209069, '부산광역시 동구 영초윗길26번길 14 (초량동)', '상시 개방 · 연중무휴 · 무료', 'https://tong.visitkorea.or.kr/cms/resource/89/4058889_image2_1.jpg', 'https://tong.visitkorea.or.kr/cms/resource/89/4058889_image3_1.jpg'),
  (12, '168계단', 1, '168계단은 부산 동구에 있는 이색 테마 체험 공간입니다. 다른 곳에서 보기 어려운 콘텐츠로 방문객의 발길을 끄는 장소입니다.', 3, 35.1170894046269, 129.03533581582, '부산광역시 동구 영초길197번길 9', '10:00~19:00 · 연중무휴 · 유료', 'https://tong.visitkorea.or.kr/cms/resource/87/4058887_image2_1.jpg', 'https://tong.visitkorea.or.kr/cms/resource/87/4058887_image3_1.jpg'),
  (13, '부산 구 백제병원', 1, '부산 동구의 부산 구 백제병원은 지역의 역사를 간직한 장소입니다. 안내판과 해설을 따라 둘러보면 그 배경을 더 깊이 이해할 수 있습니다.', 3, 35.116338835088456, 129.03914176140657, '부산광역시 동구 중앙대로209번길 16 (초량동)', '09:00~18:00 · 매주 월요일 휴관 · 무료', 'https://tong.visitkorea.or.kr/cms/resource/79/4058879_image2_1.jpg', 'https://tong.visitkorea.or.kr/cms/resource/79/4058879_image3_1.jpg'),
  (14, '허심청', 1, '허심청은 부산 동래구에 위치한 휴식·웰니스 공간입니다. 여행 중 지친 몸을 재정비하기 좋은 시설을 갖추고 있습니다.', 6, 35.2211550981779, 129.082686623437, '부산광역시 동래구 온천장로107번길 32 (온천동)', '09:00~22:00 · 연중무휴 · 유료', 'https://tong.visitkorea.or.kr/cms/resource/99/3329899_image2_1.jpg', 'https://tong.visitkorea.or.kr/cms/resource/99/3329899_image3_1.jpg'),
  (15, '해운대해수욕장', 1, '부산 해운대구에 자리한 해운대해수욕장은 바다와 맞닿은 경관으로 사랑받는 곳입니다. 일출과 일몰 무렵의 풍경이 특히 인상적입니다.', 9, 35.1590840227225, 129.160278564827, '부산광역시 해운대구 해운대해변로 264 (우동)', '상시 개방 · 연중무휴 · 무료', 'https://tong.visitkorea.or.kr/cms/resource/34/3090534_image2_1.JPG', 'https://tong.visitkorea.or.kr/cms/resource/34/3090534_image3_1.JPG'),
  (16, '에스엠비 웰니스 센터', 1, '에스엠비 웰니스 센터는 부산 기장군에 위치한 휴식·웰니스 공간입니다. 여행 중 지친 몸을 재정비하기 좋은 시설을 갖추고 있습니다.', 16, 35.2588823233056, 129.24304473203, '부산광역시 기장군 일광읍 학리등대로 34', '09:00~22:00 · 연중무휴 · 유료', NULL, NULL),
  (17, '센텀시티 스파랜드', 1, '부산 해운대구의 센텀시티 스파랜드는 스파와 휴식 프로그램을 함께 즐길 수 있는 공간입니다. 방문 전 이용 요금과 운영 시간을 확인하는 것이 좋습니다.', 9, 35.16881749492334, 129.12952414849948, '부산광역시 해운대구 센텀남대로 35 (우동)', '09:00~22:00 · 연중무휴 · 유료', 'https://tong.visitkorea.or.kr/cms/resource/02/3544802_image2_1.JPEG', 'https://tong.visitkorea.or.kr/cms/resource/02/3544802_image3_1.JPEG'),
  (18, '클럽디 오아시스', 1, '클럽디 오아시스는 부산 해운대구에 있는 테마파크형 시설입니다. 다양한 즐길 거리가 모여 있어 하루를 온전히 보내기 좋습니다.', 9, 35.160042, 129.168483, '부산광역시 해운대구 달맞이길 30 엘시티', '10:00~20:00 · 연중무휴 · 유료', 'https://tong.visitkorea.or.kr/cms/resource/83/3488983_image2_1.jpg', 'https://tong.visitkorea.or.kr/cms/resource/83/3488983_image3_1.jpg'),
  (19, '부산 암남공원', 1, '부산 서구에 자리한 부산 암남공원은 시민과 여행자가 함께 찾는 휴식 공간입니다. 계절에 따라 다른 분위기를 만날 수 있습니다.', 2, 35.0589, 129.0158, '부산광역시 서구 암남공원로 185 (암남동)', '상시 개방 · 연중무휴 · 무료', 'https://tong.visitkorea.or.kr/cms/resource/84/3498484_image2_1.jpg', 'https://tong.visitkorea.or.kr/cms/resource/84/3498484_image3_1.jpg'),
  (20, '이기대공원 동생말전망대', 1, '이기대공원 동생말전망대는 부산 남구의 전망 명소입니다. 도시와 바다가 함께 담기는 시야 덕분에 사진 촬영지로도 인기가 많습니다.', 7, 35.13191, 129.121151, '부산광역시 남구 용호동 산1', '상시 개방 · 연중무휴 · 무료', 'https://tong.visitkorea.or.kr/cms/resource/60/3008060_image2_1.JPG', 'https://tong.visitkorea.or.kr/cms/resource/60/3008060_image3_1.JPG'),
  (21, '문화골목', 1, '부산 남구에 위치한 문화골목은 지역 특유의 분위기가 살아 있는 거리입니다. 골목마다 다른 가게와 풍경이 이어집니다.', 7, 35.136887075259736, 129.10299571620442, '부산광역시 남구 수영로334번길 36-1', '상시 개방 · 점포별 운영 시간 상이', 'https://tong.visitkorea.or.kr/cms/resource/42/3008042_image2_1.JPG', 'https://tong.visitkorea.or.kr/cms/resource/42/3008042_image3_1.JPG'),
  (22, '망미단길', 1, '망미단길은 부산 수영구의 개성 있는 거리입니다. 카페와 상점, 골목 풍경이 어우러져 걸으며 둘러보는 재미가 있습니다.', 14, 35.172392577717005, 129.11031527497886, '부산광역시 수영구 수영동', '상시 개방 · 점포별 운영 시간 상이', 'https://tong.visitkorea.or.kr/cms/resource/50/3033450_image2_1.JPG', 'https://tong.visitkorea.or.kr/cms/resource/50/3033450_image3_1.JPG'),
  (23, '빵천동', 1, '부산 수영구에 위치한 빵천동은 지역 특유의 분위기가 살아 있는 거리입니다. 골목마다 다른 가게와 풍경이 이어집니다.', 14, 35.1417544, 129.1096096, '부산광역시 수영구 남천동 수영로408번길', '상시 개방 · 점포별 운영 시간 상이', 'https://tong.visitkorea.or.kr/cms/resource/87/3033387_image2_1.JPG', 'https://tong.visitkorea.or.kr/cms/resource/87/3033387_image3_1.JPG'),
  (24, '서면먹자골목', 1, '서면먹자골목은 부산 부산진구의 개성 있는 거리입니다. 카페와 상점, 골목 풍경이 어우러져 걸으며 둘러보는 재미가 있습니다.', 5, 35.155834, 129.058433, '부산광역시 부산진구 부전동', '상시 개방 · 점포별 운영 시간 상이', 'https://tong.visitkorea.or.kr/cms/resource/12/3014312_image2_1.JPG', 'https://tong.visitkorea.or.kr/cms/resource/12/3014312_image3_1.JPG'),
  (25, '민락해변공원', 1, '부산 수영구에 자리한 민락해변공원은 시민과 여행자가 함께 찾는 휴식 공간입니다. 계절에 따라 다른 분위기를 만날 수 있습니다.', 14, 35.155361, 129.123391, '부산광역시 수영구 민락동', '상시 개방 · 연중무휴 · 무료', 'https://tong.visitkorea.or.kr/cms/resource/62/3014362_image2_1.JPG', 'https://tong.visitkorea.or.kr/cms/resource/62/3014362_image3_1.JPG'),
  (26, '개금벚꽃길', 1, '개금벚꽃길은 부산 부산진구를 따라 이어지는 산책 코스입니다. 부담 없는 거리와 풍경 덕분에 산책과 러닝 모두에 적합합니다.', 5, 35.146244, 129.016413, '부산광역시 부산진구 개금동 765', '상시 개방 · 연중무휴 · 무료', 'https://tong.visitkorea.or.kr/cms/resource/73/3032373_image2_1.JPG', 'https://tong.visitkorea.or.kr/cms/resource/73/3032373_image3_1.JPG'),
  (27, '황령산레포츠공원', 1, '부산 부산진구에 자리한 황령산레포츠공원은 시민과 여행자가 함께 찾는 휴식 공간입니다. 계절에 따라 다른 분위기를 만날 수 있습니다.', 5, 35.15704, 129.07644, '부산광역시 부산진구 진남로328번길 99 (전포동)', '상시 개방 · 연중무휴 · 무료', 'https://tong.visitkorea.or.kr/cms/resource/48/3014248_image2_1.JPG', 'https://tong.visitkorea.or.kr/cms/resource/48/3014248_image3_1.JPG'),
  (28, '강서체육공원', 1, '강서체육공원은 부산 강서구의 도심 공원입니다. 산책로와 휴식 공간이 잘 갖춰져 있어 일상 가까이에서 여유를 찾을 수 있습니다.', 12, 35.20781783841302, 128.97386842118158, '부산광역시 강서구 체육공원로 43 (대저1동)', '상시 개방 · 연중무휴 · 무료', 'https://tong.visitkorea.or.kr/cms/resource/48/3015248_image2_1.JPG', 'https://tong.visitkorea.or.kr/cms/resource/48/3015248_image3_1.JPG'),
  (29, '부산자연곤충마을', 1, '부산 강서구에 위치한 부산자연곤충마을은 독특한 테마와 체험 요소로 알려진 곳입니다. 일정 중 색다른 시간을 보내고 싶을 때 들르기 좋습니다.', 12, 35.22155984537756, 128.9452222595901, '부산광역시 강서구 평강로 441 (대저1동)', '10:00~19:00 · 연중무휴 · 유료', 'https://tong.visitkorea.or.kr/cms/resource/08/3015208_image2_1.JPG', 'https://tong.visitkorea.or.kr/cms/resource/08/3015208_image3_1.JPG'),
  (30, '두루팜', 1, '두루팜은 부산 강서구의 마을 자원을 활용한 체험 공간입니다. 지역 주민이 직접 운영하는 프로그램을 통해 일상과 맞닿은 부산을 만나볼 수 있습니다.', 12, 35.1835081427817, 128.89938887366966, '부산광역시 강서구 봉죽길91번길 65-37 (봉림동)', '09:00~18:00 · 프로그램별 사전 예약제 · 유료', 'https://tong.visitkorea.or.kr/cms/resource/40/3015240_image2_1.JPG', 'https://tong.visitkorea.or.kr/cms/resource/40/3015240_image3_1.JPG'),
  (31, '히어로테마파크 정관점', 1, '부산 기장군의 히어로테마파크 정관점은 놀이와 체험 시설을 갖춘 공간입니다. 시즌별 프로그램과 이용 요금은 사전에 확인하는 것이 좋습니다.', 16, 35.32119130482397, 129.1782791808084, '부산광역시 기장군 정관읍 정관중앙로 45 탑스퀘어 5층', '10:00~20:00 · 연중무휴 · 유료', 'https://tong.visitkorea.or.kr/cms/resource/33/3015533_image2_1.JPG', 'https://tong.visitkorea.or.kr/cms/resource/33/3015533_image3_1.JPG'),
  (32, '카덴96', 1, '카덴96은 부산 기장군에 위치한 휴식·웰니스 공간입니다. 여행 중 지친 몸을 재정비하기 좋은 시설을 갖추고 있습니다.', 16, 35.28936955936168, 129.23454877480128, '부산광역시 기장군 일광읍 기장대로 1075-3', '09:00~22:00 · 연중무휴 · 유료', 'https://tong.visitkorea.or.kr/cms/resource/02/3015902_image2_1.JPG', 'https://tong.visitkorea.or.kr/cms/resource/02/3015902_image3_1.JPG'),
  (33, '윗골공원', 1, '부산 기장군에 자리한 윗골공원은 시민과 여행자가 함께 찾는 휴식 공간입니다. 계절에 따라 다른 분위기를 만날 수 있습니다.', 16, 35.32389935635918, 129.17761101818007, '부산광역시 기장군 정관읍 정관8로 11', '상시 개방 · 연중무휴 · 무료', 'https://tong.visitkorea.or.kr/cms/resource/32/3015932_image2_1.JPG', 'https://tong.visitkorea.or.kr/cms/resource/32/3015932_image3_1.JPG'),
  (34, '몬스터파크 부산명지점', 1, '몬스터파크 부산명지점은 부산 강서구에 있는 이색 테마 체험 공간입니다. 다른 곳에서 보기 어려운 콘텐츠로 방문객의 발길을 끄는 장소입니다.', 12, 35.094240512051556, 128.90543623892688, '부산광역시 강서구 명지국제1로 60-1 (명지동) 7층, 8층', '10:00~19:00 · 연중무휴 · 유료', 'https://tong.visitkorea.or.kr/cms/resource/00/3521300_image2_1.jpg', 'https://tong.visitkorea.or.kr/cms/resource/00/3521300_image3_1.jpg'),
  (35, '정거마을 문화거리', 1, '부산 강서구에 위치한 정거마을 문화거리는 지역 특유의 분위기가 살아 있는 거리입니다. 골목마다 다른 가게와 풍경이 이어집니다.', 12, 35.068889, 128.852029, '부산광역시 강서구 눌차동 832', '상시 개방 · 점포별 운영 시간 상이', 'https://tong.visitkorea.or.kr/cms/resource/89/3015189_image2_1.JPG', 'https://tong.visitkorea.or.kr/cms/resource/89/3015189_image3_1.JPG'),
  (36, '노리클럽', 1, '노리클럽은 부산 강서구에 있는 이색 테마 체험 공간입니다. 다른 곳에서 보기 어려운 콘텐츠로 방문객의 발길을 끄는 장소입니다.', 12, 35.097899751804434, 128.91838767465714, '부산광역시 강서구 명지국제8로 234 (명지동) 8층 노리클럽', '10:00~19:00 · 연중무휴 · 유료', 'https://tong.visitkorea.or.kr/cms/resource/80/3038580_image2_1.JPG', 'https://tong.visitkorea.or.kr/cms/resource/80/3038580_image3_1.JPG'),
  (37, '대룡마을', 1, '부산 기장군에 위치한 대룡마을은 지역 특유의 분위기가 살아 있는 거리입니다. 골목마다 다른 가게와 풍경이 이어집니다.', 16, 35.37084904277479, 129.26348291402041, '부산광역시 기장군 장안읍 대룡1길 10', '상시 개방 · 점포별 운영 시간 상이', 'https://tong.visitkorea.or.kr/cms/resource/87/3015387_image2_1.JPG', 'https://tong.visitkorea.or.kr/cms/resource/87/3015387_image3_1.JPG'),
  (38, '부산과학체험관', 1, '부산과학체험관은 부산 동구에 있는 이색 테마 체험 공간입니다. 다른 곳에서 보기 어려운 콘텐츠로 방문객의 발길을 끄는 장소입니다.', 3, 35.12032107456868, 129.04412784872156, '부산광역시 동구 중앙대로260번길 11 (초량동) 부산과학체험관', '10:00~19:00 · 연중무휴 · 유료', 'https://tong.visitkorea.or.kr/cms/resource/78/3015978_image2_1.JPG', 'https://tong.visitkorea.or.kr/cms/resource/78/3015978_image3_1.JPG'),
  (39, '증산공원', 1, '부산 동구에 자리한 증산공원은 시민과 여행자가 함께 찾는 휴식 공간입니다. 계절에 따라 다른 분위기를 만날 수 있습니다.', 3, 35.137907708742524, 129.05165797671592, '부산광역시 동구 성북로36번길 46 (범일동)', '상시 개방 · 연중무휴 · 무료', 'https://tong.visitkorea.or.kr/cms/resource/57/3016757_image2_1.JPG', 'https://tong.visitkorea.or.kr/cms/resource/57/3016757_image3_1.JPG'),
  (40, '부산역 풍물거리', 1, '부산역 풍물거리는 부산 동구의 개성 있는 거리입니다. 카페와 상점, 골목 풍경이 어우러져 걸으며 둘러보는 재미가 있습니다.', 3, 35.113557930470236, 129.04066520849508, '부산광역시 동구 중앙대로196번길 16-8 (초량동)', '상시 개방 · 점포별 운영 시간 상이', 'https://tong.visitkorea.or.kr/cms/resource/93/3016793_image2_1.JPG', 'https://tong.visitkorea.or.kr/cms/resource/93/3016793_image3_1.JPG'),
  (41, '복천사(부산)', 1, '부산 영도구의 복천사(부산)은 오랜 시간 자리를 지켜 온 종교 유적입니다. 법회와 행사 일정에 따라 분위기가 달라집니다.', 4, 35.08247958477894, 129.05050238462923, '부산광역시 영도구 산정길 41 (신선동3가)', '일출~일몰 · 연중무휴 · 무료', 'https://tong.visitkorea.or.kr/cms/resource/66/4060066_image2_1.JPG', 'https://tong.visitkorea.or.kr/cms/resource/66/4060066_image3_1.JPG'),
  (42, '중리항 방파제 등대', 1, '중리항 방파제 등대는 부산 영도구의 전망 명소입니다. 도시와 바다가 함께 담기는 시야 덕분에 사진 촬영지로도 인기가 많습니다.', 4, 35.067993, 129.064176, '부산광역시 영도구 중리남로 2-15 (동삼동)', '상시 개방 · 연중무휴 · 무료', 'https://tong.visitkorea.or.kr/cms/resource/45/3017445_image2_1.JPG', 'https://tong.visitkorea.or.kr/cms/resource/45/3017445_image3_1.JPG'),
  (43, '정관온천', 1, '부산 기장군의 정관온천은 스파와 휴식 프로그램을 함께 즐길 수 있는 공간입니다. 방문 전 이용 요금과 운영 시간을 확인하는 것이 좋습니다.', 16, 35.32254781057412, 129.17787242339242, '부산광역시 기장군 정관읍 정관8로 16-5', '09:00~22:00 · 연중무휴 · 유료', 'https://tong.visitkorea.or.kr/cms/resource/34/3083334_image2_1.jpg', 'https://tong.visitkorea.or.kr/cms/resource/34/3083334_image3_1.jpg'),
  (44, '다대포생태탐방로', 1, '다대포생태탐방로는 부산 사하구에 조성된 생태 공원입니다. 계절마다 바뀌는 식생과 산책로가 어우러져 가볍게 걷기 좋습니다.', 10, 35.046355897467016, 128.9680205530435, '부산광역시 사하구 몰운대1길 14 (다대동)', '상시 개방 · 연중무휴 · 무료', 'https://tong.visitkorea.or.kr/cms/resource/94/3027194_image2_1.JPG', 'https://tong.visitkorea.or.kr/cms/resource/94/3027194_image3_1.JPG'),
  (45, '송림공원', 1, '부산 해운대구에 자리한 송림공원은 시민과 여행자가 함께 찾는 휴식 공간입니다. 계절에 따라 다른 분위기를 만날 수 있습니다.', 9, 35.157116, 129.154126, '부산광역시 해운대구 우동 702', '상시 개방 · 연중무휴 · 무료', 'https://tong.visitkorea.or.kr/cms/resource/57/3027757_image2_1.JPG', 'https://tong.visitkorea.or.kr/cms/resource/57/3027757_image3_1.JPG'),
  (46, '청사포 횟집촌', 1, '청사포 횟집촌은 부산 해운대구의 개성 있는 거리입니다. 카페와 상점, 골목 풍경이 어우러져 걸으며 둘러보는 재미가 있습니다.', 9, 35.161615, 129.193851, '부산광역시 해운대구 중동', '상시 개방 · 점포별 운영 시간 상이', 'https://tong.visitkorea.or.kr/cms/resource/27/3027527_image2_1.JPG', 'https://tong.visitkorea.or.kr/cms/resource/27/3027527_image3_1.JPG'),
  (47, '할매탕', 1, '부산 해운대구의 할매탕은 스파와 휴식 프로그램을 함께 즐길 수 있는 공간입니다. 방문 전 이용 요금과 운영 시간을 확인하는 것이 좋습니다.', 9, 35.16305669005003, 129.16487410791876, '부산광역시 해운대구 중동2로10번길 7 (중동)', '09:00~22:00 · 연중무휴 · 유료', 'https://tong.visitkorea.or.kr/cms/resource/48/3083448_image2_1.jpg', 'https://tong.visitkorea.or.kr/cms/resource/48/3083448_image3_1.jpg'),
  (48, '벡스코 상상체험 키즈월드', 1, '벡스코 상상체험 키즈월드는 부산 해운대구에 있는 이색 테마 체험 공간입니다. 다른 곳에서 보기 어려운 콘텐츠로 방문객의 발길을 끄는 장소입니다.', 9, 35.16576593920963, 129.13494793474206, '부산광역시 해운대구 APEC로 30 (우동)', '10:00~19:00 · 연중무휴 · 유료', 'https://tong.visitkorea.or.kr/cms/resource/32/3083432_image2_1.jpg', 'https://tong.visitkorea.or.kr/cms/resource/32/3083432_image3_1.jpg'),
  (49, '책마루전망대', 1, '부산 동구에 위치한 책마루전망대에서는 부산의 풍경을 한눈에 조망할 수 있습니다. 해 질 무렵 방문하면 야경까지 함께 즐길 수 있습니다.', 3, 35.138054703395184, 129.05242551737072, '부산광역시 동구 성북로36번길 54 (범일동)', '상시 개방 · 연중무휴 · 무료', 'https://tong.visitkorea.or.kr/cms/resource/12/3028512_image2_1.JPG', 'https://tong.visitkorea.or.kr/cms/resource/12/3028512_image3_1.JPG'),
  (50, '이중섭전망대', 1, '이중섭전망대는 부산 동구의 전망 명소입니다. 도시와 바다가 함께 담기는 시야 덕분에 사진 촬영지로도 인기가 많습니다.', 3, 35.14059298912447, 129.05263133974444, '부산광역시 동구 증산로 168 (범일동)', '상시 개방 · 연중무휴 · 무료', 'https://tong.visitkorea.or.kr/cms/resource/46/3028546_image2_1.JPG', 'https://tong.visitkorea.or.kr/cms/resource/46/3028546_image3_1.JPG');

INSERT INTO `place` (`id`, `name`, `type_id`, `description`, `district_id`, `latitude`, `longitude`, `address`, `operating_info`, `image_url_1`, `image_url_2`) VALUES
  (51, '대항항 포진지 동굴', 1, '부산 강서구에 위치한 대항항 포진지 동굴은 독특한 지형으로 알려진 자연 명소입니다. 탐방로를 따라 안전하게 둘러볼 수 있습니다.', 12, 35.0143, 128.8268, '부산광역시 강서구 가덕해안로1212번길 48-1 (대항동)', '상시 개방 · 기상 악화 시 통제 · 무료', NULL, NULL),
  (52, '호천마을', 1, '호천마을은 부산 부산진구의 개성 있는 거리입니다. 카페와 상점, 골목 풍경이 어우러져 걸으며 둘러보는 재미가 있습니다.', 5, 35.1442420605489, 129.051214140349, '부산광역시 부산진구 엄광로 491 (범천동)', '상시 개방 · 점포별 운영 시간 상이', 'https://tong.visitkorea.or.kr/cms/resource/88/3496988_image2_1.jpg', 'https://tong.visitkorea.or.kr/cms/resource/88/3496988_image3_1.jpg'),
  (53, '소망계단 모노레일', 1, '부산 서구에 위치한 소망계단 모노레일은 독특한 테마와 체험 요소로 알려진 곳입니다. 일정 중 색다른 시간을 보내고 싶을 때 들르기 좋습니다.', 2, 35.114443741372696, 129.02473782396245, '부산광역시 서구 동대신동2가', '10:00~19:00 · 연중무휴 · 유료', 'https://tong.visitkorea.or.kr/cms/resource/43/3545343_image2_1.jpg', 'https://tong.visitkorea.or.kr/cms/resource/43/3545343_image3_1.jpg'),
  (54, '부네치아 선셋 전망대', 1, '부네치아 선셋 전망대는 부산 사하구의 전망 명소입니다. 도시와 바다가 함께 담기는 시야 덕분에 사진 촬영지로도 인기가 많습니다.', 10, 35.0792685405299, 128.95186067301356, '부산광역시 사하구 장림로93번길 72 (장림동) 일원', '상시 개방 · 연중무휴 · 무료', 'https://tong.visitkorea.or.kr/cms/resource/81/3544081_image2_1.jpg', 'https://tong.visitkorea.or.kr/cms/resource/81/3544081_image3_1.jpg'),
  (55, '라보드 우든보트', 1, '부산 영도구에 자리한 라보드 우든보트에서는 바다를 무대로 한 레저 활동을 직접 체험할 수 있습니다. 계절과 기상에 따라 운영 프로그램이 달라집니다.', 4, 35.0926530954171, 129.051455492089, '부산광역시 영도구 나팔꽃길 33 (봉래동5가)', '10:00~18:00 · 기상 상황에 따라 운영 변동 · 사전 예약 권장', 'https://tong.visitkorea.or.kr/cms/resource/49/3545949_image2_1.jpg', 'https://tong.visitkorea.or.kr/cms/resource/49/3545949_image3_1.jpg'),
  (56, '금빛노을브릿지', 1, '금빛노을브릿지는 부산 북구의 전망 명소입니다. 도시와 바다가 함께 담기는 시야 덕분에 사진 촬영지로도 인기가 많습니다.', 8, 35.2097843, 129.0028719, '부산광역시 북구 낙동대로 1769 (구포동) ~낙동강 화명생태공원 (연꽃단지 입구)', '상시 개방 · 연중무휴 · 무료', 'https://tong.visitkorea.or.kr/cms/resource/02/3545402_image2_1.jpg', 'https://tong.visitkorea.or.kr/cms/resource/02/3545402_image3_1.jpg'),
  (57, '백운포체육공원', 1, '부산 남구의 백운포체육공원은 놀이와 체험 시설을 갖춘 공간입니다. 시즌별 프로그램과 이용 요금은 사전에 확인하는 것이 좋습니다.', 7, 35.10247535972112, 129.11156975182783, '부산광역시 남구 백운포로 64 (용호동)', '10:00~20:00 · 연중무휴 · 유료', 'https://tong.visitkorea.or.kr/cms/resource/57/3060957_image2_1.JPG', 'https://tong.visitkorea.or.kr/cms/resource/57/3060957_image3_1.JPG'),
  (58, '키위키즈랜드', 1, '키위키즈랜드는 부산 기장군에 있는 이색 테마 체험 공간입니다. 다른 곳에서 보기 어려운 콘텐츠로 방문객의 발길을 끄는 장소입니다.', 16, 35.32126709863031, 129.2356423343507, '부산광역시 기장군 장안읍 정관로 1142 힐탑프리미엄아울렛 B1', '10:00~19:00 · 연중무휴 · 유료', 'https://tong.visitkorea.or.kr/cms/resource/86/3060786_image2_1.JPG', 'https://tong.visitkorea.or.kr/cms/resource/86/3060786_image3_1.JPG'),
  (59, '부산정중앙공원', 1, '부산 부산진구에 자리한 부산정중앙공원은 시민과 여행자가 함께 찾는 휴식 공간입니다. 계절에 따라 다른 분위기를 만날 수 있습니다.', 5, 35.170371, 129.036929, '부산광역시 부산진구 부암동 520-3', '상시 개방 · 연중무휴 · 무료', 'https://tong.visitkorea.or.kr/cms/resource/64/3300664_image2_1.jpg', 'https://tong.visitkorea.or.kr/cms/resource/64/3300664_image3_1.jpg'),
  (60, '국립청소년생태센터', 1, '국립청소년생태센터는 부산 사하구에 자리한 문화·교육 체험 공간입니다. 전시와 참여형 프로그램이 함께 운영되어 배우며 즐기기 좋습니다.', 10, 35.112797795145575, 128.94817355829102, '부산광역시 사하구 낙동남로1233번길 43 (하단동) 국립청소년생태센터', '10:00~18:00 · 매주 월요일 휴관 · 프로그램별 요금 상이', 'https://tong.visitkorea.or.kr/cms/resource/61/3336061_image2_1.jpg', 'https://tong.visitkorea.or.kr/cms/resource/61/3336061_image3_1.jpg'),
  (61, '을숙도 들락날락', 1, '부산 사하구에 위치한 을숙도 들락날락은 독특한 테마와 체험 요소로 알려진 곳입니다. 일정 중 색다른 시간을 보내고 싶을 때 들르기 좋습니다.', 10, 35.109499, 128.944937, '부산광역시 사하구 낙동남로1233번길 25 (하단동)', '10:00~19:00 · 연중무휴 · 유료', 'https://tong.visitkorea.or.kr/cms/resource/86/3350186_image2_1.jpg', 'https://tong.visitkorea.or.kr/cms/resource/86/3350186_image3_1.jpg'),
  (62, '부산광역시 119안전체험관', 1, '부산광역시 119안전체험관은 부산 동래구에 있는 이색 테마 체험 공간입니다. 다른 곳에서 보기 어려운 콘텐츠로 방문객의 발길을 끄는 장소입니다.', 6, 35.21790195815417, 129.0742473594401, '부산광역시 동래구 우장춘로 117 (온천동)', '10:00~19:00 · 연중무휴 · 유료', 'https://tong.visitkorea.or.kr/cms/resource/36/3070636_image2_1.JPG', 'https://tong.visitkorea.or.kr/cms/resource/36/3070636_image3_1.JPG'),
  (63, '해월전망대', 1, '부산 해운대구에 위치한 해월전망대에서는 부산의 풍경을 한눈에 조망할 수 있습니다. 해 질 무렵 방문하면 야경까지 함께 즐길 수 있습니다.', 9, 35.155883, 129.182644, '부산광역시 해운대구 중동 산42-66', '상시 개방 · 연중무휴 · 무료', NULL, NULL),
  (64, '태종대 오션플라잉 테마파크', 1, '태종대 오션플라잉 테마파크는 부산 영도구에 있는 테마파크형 시설입니다. 다양한 즐길 거리가 모여 있어 하루를 온전히 보내기 좋습니다.', 4, 35.06083536151677, 129.07854368510672, '부산광역시 영도구 태종로836번길 55 (동삼동)', '10:00~20:00 · 연중무휴 · 유료', 'https://tong.visitkorea.or.kr/cms/resource/42/4017042_image2_1.jpg', 'https://tong.visitkorea.or.kr/cms/resource/42/4017042_image3_1.jpg'),
  (65, 'BIFF 광장', 1, '부산 중구에 위치한 BIFF 광장은 지역 특유의 분위기가 살아 있는 거리입니다. 골목마다 다른 가게와 풍경이 이어집니다.', 1, 35.0980089584166, 129.032004281096, '부산광역시 중구 구덕로 지하44 (남포동5가)', '상시 개방 · 점포별 운영 시간 상이', 'https://tong.visitkorea.or.kr/cms/resource/19/3493419_image2_1.jpg', 'https://tong.visitkorea.or.kr/cms/resource/19/3493419_image3_1.jpg'),
  (66, '센텀 APEC나루공원', 1, '센텀 APEC나루공원은 부산 해운대구의 도심 공원입니다. 산책로와 휴식 공간이 잘 갖춰져 있어 일상 가까이에서 여유를 찾을 수 있습니다.', 9, 35.167908247558, 129.127317311652, '부산광역시 해운대구 수영강변대로 85 (우동)', '상시 개방 · 연중무휴 · 무료', 'https://tong.visitkorea.or.kr/cms/resource/21/3492421_image2_1.jpg', 'https://tong.visitkorea.or.kr/cms/resource/21/3492421_image3_1.jpg'),
  (67, '[부산 갈맷길] 5코스', 1, '부산 사하구에 위치한 [부산 갈맷길] 5코스는 지역 특유의 분위기가 살아 있는 거리입니다. 골목마다 다른 가게와 풍경이 이어집니다.', 10, 35.1065, 128.9575, '부산광역시 사하구 하단동 낙동강 하굿둑~천가교', '상시 개방 · 점포별 운영 시간 상이', 'https://tong.visitkorea.or.kr/cms/resource/14/3589714_image2_1.jpg', 'https://tong.visitkorea.or.kr/cms/resource/14/3589714_image3_1.jpg'),
  (68, '하버요가&무브먼트', 1, '하버요가&무브먼트는 부산 수영구에 위치한 휴식·웰니스 공간입니다. 여행 중 지친 몸을 재정비하기 좋은 시설을 갖추고 있습니다.', 14, 35.1532751974826, 129.116563768469, '부산광역시 수영구 광남로 129 (광안동)', '09:00~22:00 · 연중무휴 · 유료', 'https://tong.visitkorea.or.kr/cms/resource/33/4041433_image2_1.jpg', 'https://tong.visitkorea.or.kr/cms/resource/33/4041433_image3_1.jpg'),
  (69, '금강암(부산)', 1, '부산 금정구의 금강암(부산)은 오랜 시간 자리를 지켜 온 종교 유적입니다. 법회와 행사 일정에 따라 분위기가 달라집니다.', 11, 35.2818122265257, 129.065264562003, '부산광역시 금정구 범어사로 254', '일출~일몰 · 연중무휴 · 무료', 'https://tong.visitkorea.or.kr/cms/resource/09/3552409_image2_1.jpg', 'https://tong.visitkorea.or.kr/cms/resource/09/3552409_image3_1.jpg'),
  (70, '부산북항 친수공원', 1, '부산북항 친수공원은 부산 동구를 따라 이어지는 산책 코스입니다. 부담 없는 거리와 풍경 덕분에 산책과 러닝 모두에 적합합니다.', 3, 35.114419907321064, 129.04662207968232, '부산광역시 동구 이순신대로 164 (초량동)', '상시 개방 · 연중무휴 · 무료', 'https://tong.visitkorea.or.kr/cms/resource/25/3454125_image2_1.JPG', 'https://tong.visitkorea.or.kr/cms/resource/25/3454125_image3_1.JPG'),
  (71, '영도 하늘전망대', 1, '부산 영도구에 위치한 영도 하늘전망대에서는 부산의 풍경을 한눈에 조망할 수 있습니다. 해 질 무렵 방문하면 야경까지 함께 즐길 수 있습니다.', 4, 35.0719, 129.0547, '부산광역시 영도구 동삼동 628-66', '상시 개방 · 연중무휴 · 무료', 'https://tong.visitkorea.or.kr/cms/resource/68/3498668_image2_1.jpg', 'https://tong.visitkorea.or.kr/cms/resource/68/3498668_image3_1.jpg'),
  (72, '젖병등대', 1, '젖병등대는 부산 기장군의 전망 명소입니다. 도시와 바다가 함께 담기는 시야 덕분에 사진 촬영지로도 인기가 많습니다.', 16, 35.2137870972648, 129.223051745362, '부산광역시 기장군 기장읍 연화리 297-5', '상시 개방 · 연중무휴 · 무료', 'https://tong.visitkorea.or.kr/cms/resource/19/3494119_image2_1.jpg', 'https://tong.visitkorea.or.kr/cms/resource/19/3494119_image3_1.jpg'),
  (73, '부산남항', 1, '부산 영도구에 자리한 부산남항은 바다와 맞닿은 경관으로 사랑받는 곳입니다. 일출과 일몰 무렵의 풍경이 특히 인상적입니다.', 4, 35.09186201794041, 129.03721411073323, '부산광역시 영도구 대평북로 6 (대교동1가)', '상시 개방 · 연중무휴 · 무료', 'https://tong.visitkorea.or.kr/cms/resource/06/3498706_image2_1.jpg', 'https://tong.visitkorea.or.kr/cms/resource/06/3498706_image3_1.jpg'),
  (74, '테이블플라워', 1, '테이블플라워는 부산 영도구에 있는 이색 테마 체험 공간입니다. 다른 곳에서 보기 어려운 콘텐츠로 방문객의 발길을 끄는 장소입니다.', 4, 35.07638429108179, 129.04763906754965, '부산광역시 영도구 절영로 248-1 (영선동4가)', '10:00~19:00 · 연중무휴 · 유료', 'https://tong.visitkorea.or.kr/cms/resource/04/3466704_image2_1.jpg', 'https://tong.visitkorea.or.kr/cms/resource/04/3466704_image3_1.jpg'),
  (75, '청학배수지 전망대', 1, '부산 영도구에 위치한 청학배수지 전망대에서는 부산의 풍경을 한눈에 조망할 수 있습니다. 해 질 무렵 방문하면 야경까지 함께 즐길 수 있습니다.', 4, 35.088351580481, 129.060042641103, '부산광역시 영도구 와치로 36', '상시 개방 · 연중무휴 · 무료', 'https://tong.visitkorea.or.kr/cms/resource/47/3524947_image2_1.jpg', 'https://tong.visitkorea.or.kr/cms/resource/47/3524947_image3_1.jpg'),
  (76, '충렬사(부산)', 1, '충렬사(부산)은 부산 동래구에 남아 있는 역사 유적입니다. 부산이 지나온 시간의 흔적을 현장에서 직접 확인할 수 있습니다.', 6, 35.2013, 129.096, '부산광역시 동래구 충렬대로 347 (안락동)', '09:00~18:00 · 매주 월요일 휴관 · 무료', 'https://tong.visitkorea.or.kr/cms/resource/85/3492185_image2_1.jpg', 'https://tong.visitkorea.or.kr/cms/resource/85/3492185_image3_1.jpg'),
  (77, '문화공감 수정(부산 수정동 일본식 가옥)', 1, '부산 동구의 문화공감 수정(부산 수정동 일본식 가옥)은 지역의 역사를 간직한 장소입니다. 안내판과 해설을 따라 둘러보면 그 배경을 더 깊이 이해할 수 있습니다.', 3, 35.1255545014429, 129.042636366052, '부산광역시 동구 홍곡로 75 (수정동)', '09:00~18:00 · 매주 월요일 휴관 · 무료', 'https://tong.visitkorea.or.kr/cms/resource/14/4003214_image2_1.jpg', 'https://tong.visitkorea.or.kr/cms/resource/14/4003214_image3_1.jpg'),
  (78, '천성항 방파제등대', 1, '천성항 방파제등대는 부산 강서구의 전망 명소입니다. 도시와 바다가 함께 담기는 시야 덕분에 사진 촬영지로도 인기가 많습니다.', 12, 35.0303, 128.8111, '부산광역시 강서구 천성동 838', '상시 개방 · 연중무휴 · 무료', 'https://tong.visitkorea.or.kr/cms/resource/43/3491943_image2_1.jpg', 'https://tong.visitkorea.or.kr/cms/resource/43/3491943_image3_1.jpg'),
  (79, '부산 어린이대공원', 1, '부산 부산진구에 자리한 부산 어린이대공원은 시민과 여행자가 함께 찾는 휴식 공간입니다. 계절에 따라 다른 분위기를 만날 수 있습니다.', 5, 35.1872173954517, 129.04264985908, '부산광역시 부산진구 새싹로 295', '상시 개방 · 연중무휴 · 무료', 'https://tong.visitkorea.or.kr/cms/resource/15/3512315_image2_1.jpg', 'https://tong.visitkorea.or.kr/cms/resource/15/3512315_image3_1.jpg'),
  (80, '오륙도 등대', 1, '오륙도 등대는 부산 남구의 전망 명소입니다. 도시와 바다가 함께 담기는 시야 덕분에 사진 촬영지로도 인기가 많습니다.', 7, 35.0911636101177, 129.126886338426, '부산광역시 남구 오륙도로 130 (용호동)', '상시 개방 · 연중무휴 · 무료', 'https://tong.visitkorea.or.kr/cms/resource/92/3496792_image2_1.jpg', 'https://tong.visitkorea.or.kr/cms/resource/92/3496792_image3_1.jpg'),
  (81, '영도대교', 1, '부산 영도구에 위치한 영도대교에서는 부산의 풍경을 한눈에 조망할 수 있습니다. 해 질 무렵 방문하면 야경까지 함께 즐길 수 있습니다.', 4, 35.0956, 129.0365, '부산광역시 영도구 대교동1가', '상시 개방 · 연중무휴 · 무료', 'https://tong.visitkorea.or.kr/cms/resource/70/3495570_image2_1.jpg', 'https://tong.visitkorea.or.kr/cms/resource/70/3495570_image3_1.jpg'),
  (82, '충렬탑(부산)', 1, '충렬탑(부산)은 부산 동래구에 세워진 기념 명소입니다. 주변 조망과 함께 지역이 기억하는 이야기를 마주할 수 있습니다.', 6, 35.2011723080822, 129.096111152225, '부산광역시 동래구 충렬대로 345 (안락동)', '상시 개방 · 연중무휴 · 무료', 'https://tong.visitkorea.or.kr/cms/resource/09/3495509_image2_1.jpg', 'https://tong.visitkorea.or.kr/cms/resource/09/3495509_image3_1.jpg'),
  (83, '몰운대(부산)', 1, '부산 사하구에 자리한 몰운대(부산)은 바다와 맞닿은 경관으로 사랑받는 곳입니다. 일출과 일몰 무렵의 풍경이 특히 인상적입니다.', 10, 35.0405, 128.9701, '부산광역시 사하구 다대동', '상시 개방 · 연중무휴 · 무료', 'https://tong.visitkorea.or.kr/cms/resource/30/3506330_image2_1.jpg', 'https://tong.visitkorea.or.kr/cms/resource/30/3506330_image3_1.jpg'),
  (84, '오륙도 (부산 국가지질공원)', 1, '오륙도 (부산 국가지질공원)은 부산 남구의 바다를 대표하는 명소입니다. 탁 트인 수평선과 해안 풍경이 사계절 내내 방문객을 맞이합니다.', 7, 35.0920024009764, 129.126919645422, '부산광역시 남구 오륙도로 137', '상시 개방 · 연중무휴 · 무료', 'https://tong.visitkorea.or.kr/cms/resource/20/3496820_image2_1.jpg', 'https://tong.visitkorea.or.kr/cms/resource/20/3496820_image3_1.jpg'),
  (85, '용두산공원', 1, '부산 중구의 용두산공원은 자연 학습과 휴식을 함께할 수 있는 공원입니다. 가족 단위 나들이 장소로 자주 찾는 곳입니다.', 1, 35.1004440914145, 129.032664302294, '부산광역시 중구 용두산길 37-55', '상시 개방 · 연중무휴 · 무료', 'https://tong.visitkorea.or.kr/cms/resource/34/3494834_image2_1.jpg', 'https://tong.visitkorea.or.kr/cms/resource/34/3494834_image3_1.jpg'),
  (86, '금정산성', 1, '금정산성은 부산 금정구에 남아 있는 역사 유적입니다. 부산이 지나온 시간의 흔적을 현장에서 직접 확인할 수 있습니다.', 11, 35.25535146977595, 129.05241630440221, '부산광역시 금정구 북문로 78-5 (금성동)', '09:00~18:00 · 매주 월요일 휴관 · 무료', 'https://tong.visitkorea.or.kr/cms/resource/45/3494945_image2_1.jpg', 'https://tong.visitkorea.or.kr/cms/resource/45/3494945_image3_1.jpg'),
  (87, '부산진성공원', 1, '부산 동구에 자리한 부산진성공원은 시민과 여행자가 함께 찾는 휴식 공간입니다. 계절에 따라 다른 분위기를 만날 수 있습니다.', 3, 35.135868230927, 129.061096784383, '부산광역시 동구 자성로 99', '상시 개방 · 연중무휴 · 무료', 'https://tong.visitkorea.or.kr/cms/resource/74/3496874_image2_1.jpg', 'https://tong.visitkorea.or.kr/cms/resource/74/3496874_image3_1.jpg'),
  (88, '해동용궁사', 1, '해동용궁사는 부산 기장군에 자리한 전통 사찰입니다. 고요한 경내와 주변 자연이 어우러져 차분한 시간을 보낼 수 있습니다.', 16, 35.1882428912293, 129.223530192843, '부산광역시 기장군 기장읍 용궁길 86', '일출~일몰 · 연중무휴 · 무료', 'https://tong.visitkorea.or.kr/cms/resource/35/3499335_image2_1.jpg', 'https://tong.visitkorea.or.kr/cms/resource/35/3499335_image3_1.jpg'),
  (89, '영도 등대', 1, '부산 영도구에 위치한 영도 등대에서는 부산의 풍경을 한눈에 조망할 수 있습니다. 해 질 무렵 방문하면 야경까지 함께 즐길 수 있습니다.', 4, 35.0523536391521, 129.092335072703, '부산광역시 영도구 전망로 181', '상시 개방 · 연중무휴 · 무료', 'https://tong.visitkorea.or.kr/cms/resource/57/3495557_image2_1.jpg', 'https://tong.visitkorea.or.kr/cms/resource/57/3495557_image3_1.jpg'),
  (90, '청사포', 1, '청사포는 부산 해운대구의 바다를 대표하는 명소입니다. 탁 트인 수평선과 해안 풍경이 사계절 내내 방문객을 맞이합니다.', 9, 35.1604039113018, 129.192189444504, '부산광역시 해운대구 중동', '상시 개방 · 연중무휴 · 무료', 'https://tong.visitkorea.or.kr/cms/resource/30/3495930_image2_1.jpg', 'https://tong.visitkorea.or.kr/cms/resource/30/3495930_image3_1.jpg'),
  (91, '봉래산(부산)', 1, '부산 영도구에 위치한 봉래산(부산)은 등산과 산책을 함께 즐길 수 있는 자연 명소입니다. 정상부에서는 부산 시가지와 바다가 한눈에 들어옵니다.', 4, 35.0822, 129.0553, '부산광역시 영도구 청학동', '상시 개방 · 연중무휴 · 무료 (일몰 후 산행 자제)', 'https://tong.visitkorea.or.kr/cms/resource/65/3503265_image2_1.jpg', 'https://tong.visitkorea.or.kr/cms/resource/65/3503265_image3_1.jpg'),
  (92, '낙동강하구에코센터', 1, '낙동강하구에코센터는 부산 사하구를 따라 이어지는 산책 코스입니다. 부담 없는 거리와 풍경 덕분에 산책과 러닝 모두에 적합합니다.', 10, 35.1043892335363, 128.945866728608, '부산광역시 사하구 낙동남로 1240', '상시 개방 · 연중무휴 · 무료', 'https://tong.visitkorea.or.kr/cms/resource/22/3495822_image2_1.jpg', 'https://tong.visitkorea.or.kr/cms/resource/22/3495822_image3_1.jpg'),
  (93, '조방해수탕', 1, '부산 부산진구의 조방해수탕은 스파와 휴식 프로그램을 함께 즐길 수 있는 공간입니다. 방문 전 이용 요금과 운영 시간을 확인하는 것이 좋습니다.', 5, 35.1418120027646, 129.062543707148, '부산광역시 부산진구 자유평화로37번길 15-19', '09:00~22:00 · 연중무휴 · 유료', 'https://tong.visitkorea.or.kr/cms/resource/29/3496929_image2_1.jpg', 'https://tong.visitkorea.or.kr/cms/resource/29/3496929_image3_1.jpg'),
  (94, '삼락생태공원', 1, '삼락생태공원은 부산 사상구에 조성된 생태 공원입니다. 계절마다 바뀌는 식생과 산책로가 어우러져 가볍게 걷기 좋습니다.', 15, 35.1691043434193, 128.973176285884, '부산 사상구 삼락동 29-46', '상시 개방 · 연중무휴 · 무료', 'https://tong.visitkorea.or.kr/cms/resource/90/3497090_image2_1.jpg', 'https://tong.visitkorea.or.kr/cms/resource/90/3497090_image3_1.jpg'),
  (95, '전포카페거리', 1, '부산 부산진구에 위치한 전포카페거리는 지역 특유의 분위기가 살아 있는 거리입니다. 골목마다 다른 가게와 풍경이 이어집니다.', 5, 35.15542, 129.067338, '부산광역시 부산진구 동천로 92 (전포동)', '상시 개방 · 점포별 운영 시간 상이', 'https://tong.visitkorea.or.kr/cms/resource/60/3496960_image2_1.jpg', 'https://tong.visitkorea.or.kr/cms/resource/60/3496960_image3_1.jpg'),
  (96, '이기대', 1, '이기대는 부산 남구의 바다를 대표하는 명소입니다. 탁 트인 수평선과 해안 풍경이 사계절 내내 방문객을 맞이합니다.', 7, 35.115449, 129.123566, '부산광역시 남구 용호동', '상시 개방 · 연중무휴 · 무료', 'https://tong.visitkorea.or.kr/cms/resource/02/3496802_image2_1.jpg', 'https://tong.visitkorea.or.kr/cms/resource/02/3496802_image3_1.jpg'),
  (97, '초량 이바구길', 1, '부산 동구에 위치한 초량 이바구길은 지역 특유의 분위기가 살아 있는 거리입니다. 골목마다 다른 가게와 풍경이 이어집니다.', 3, 35.1169, 129.0367, '부산 동구 초량동 865-48', '상시 개방 · 점포별 운영 시간 상이', 'https://tong.visitkorea.or.kr/cms/resource/42/3496842_image2_1.jpg', 'https://tong.visitkorea.or.kr/cms/resource/42/3496842_image3_1.jpg'),
  (98, '부산시민공원', 1, '부산시민공원은 부산 부산진구의 도심 공원입니다. 산책로와 휴식 공간이 잘 갖춰져 있어 일상 가까이에서 여유를 찾을 수 있습니다.', 5, 35.1681, 129.0574, '부산광역시 부산진구 시민공원로 73 (범전동)', '상시 개방 · 연중무휴 · 무료', 'https://tong.visitkorea.or.kr/cms/resource/05/3497005_image2_1.jpg', 'https://tong.visitkorea.or.kr/cms/resource/05/3497005_image3_1.jpg'),
  (99, '흰여울문화마을', 1, '부산 영도구에 위치한 흰여울문화마을에서는 어촌·농촌의 생활 문화를 가까이에서 체험할 수 있습니다. 가족 단위 방문객에게 특히 인기가 많은 곳입니다.', 4, 35.0783, 129.0453, '부산광역시 영도구 영선동4가 605-3', '09:00~18:00 · 프로그램별 사전 예약제 · 유료', 'https://tong.visitkorea.or.kr/cms/resource/74/3495874_image2_1.jpg', 'https://tong.visitkorea.or.kr/cms/resource/74/3495874_image3_1.jpg'),
  (100, '칠암항', 1, '칠암항은 부산 기장군의 바다를 대표하는 명소입니다. 탁 트인 수평선과 해안 풍경이 사계절 내내 방문객을 맞이합니다.', 16, 35.2985805894268, 129.260259786681, '부산광역시 기장군 일광면 문오성길 510', '상시 개방 · 연중무휴 · 무료', 'https://tong.visitkorea.or.kr/cms/resource/10/3494110_image2_1.jpg', 'https://tong.visitkorea.or.kr/cms/resource/10/3494110_image3_1.jpg');

INSERT INTO `place` (`id`, `name`, `type_id`, `description`, `district_id`, `latitude`, `longitude`, `address`, `operating_info`, `image_url_1`, `image_url_2`) VALUES
  (101, '묘관음사', 1, '부산 기장군의 묘관음사는 오랜 시간 자리를 지켜 온 종교 유적입니다. 법회와 행사 일정에 따라 분위기가 달라집니다.', 16, 35.3228250674329, 129.266244656908, '부산광역시 기장군 장안읍 해맞이로 253-38', '일출~일몰 · 연중무휴 · 무료', 'https://tong.visitkorea.or.kr/cms/resource/72/3494272_image2_1.jpg', 'https://tong.visitkorea.or.kr/cms/resource/72/3494272_image3_1.jpg'),
  (102, '가야공원', 1, '가야공원은 부산 부산진구에 조성된 생태 공원입니다. 계절마다 바뀌는 식생과 산책로가 어우러져 가볍게 걷기 좋습니다.', 5, 35.1483050312523, 129.027660668177, '부산광역시 부산진구 엄광로 118 (가야동)', '상시 개방 · 연중무휴 · 무료', 'https://tong.visitkorea.or.kr/cms/resource/10/3495510_image2_1.jpg', 'https://tong.visitkorea.or.kr/cms/resource/10/3495510_image3_1.jpg'),
  (103, '온천천시민공원', 1, '부산 연제구에 자리한 온천천시민공원은 시민과 여행자가 함께 찾는 휴식 공간입니다. 계절에 따라 다른 분위기를 만날 수 있습니다.', 13, 35.193006, 129.092543, '부산광역시 연제구 온천천남로 39 (연산동)', '상시 개방 · 연중무휴 · 무료', 'https://tong.visitkorea.or.kr/cms/resource/18/3498718_image2_1.jpg', 'https://tong.visitkorea.or.kr/cms/resource/18/3498718_image3_1.jpg'),
  (104, '태종대', 1, '태종대는 부산 영도구의 바다를 대표하는 명소입니다. 탁 트인 수평선과 해안 풍경이 사계절 내내 방문객을 맞이합니다.', 4, 35.05969491904282, 129.07980569117214, '부산광역시 영도구 전망로 24 (동삼동)', '상시 개방 · 연중무휴 · 무료', 'https://tong.visitkorea.or.kr/cms/resource/83/3506383_image2_1.jpg', 'https://tong.visitkorea.or.kr/cms/resource/83/3506383_image3_1.jpg'),
  (105, '성지곡수원지', 1, '부산 부산진구에 자리한 성지곡수원지는 바다와 맞닿은 경관으로 사랑받는 곳입니다. 일출과 일몰 무렵의 풍경이 특히 인상적입니다.', 5, 35.1853287241433, 129.0423888247, '부산광역시 부산진구 새싹로 295 (초읍동)', '상시 개방 · 연중무휴 · 무료', 'https://tong.visitkorea.or.kr/cms/resource/64/3496964_image2_1.jpg', 'https://tong.visitkorea.or.kr/cms/resource/64/3496964_image3_1.jpg'),
  (106, '송상현광장', 1, '송상현광장은 부산 부산진구의 도심 공원입니다. 산책로와 휴식 공간이 잘 갖춰져 있어 일상 가까이에서 여유를 찾을 수 있습니다.', 5, 35.16511396782979, 129.0669317104808, '부산광역시 부산진구 동성로112번길 121 (전포동)', '상시 개방 · 연중무휴 · 무료', 'https://tong.visitkorea.or.kr/cms/resource/22/3495522_image2_1.jpg', 'https://tong.visitkorea.or.kr/cms/resource/22/3495522_image3_1.jpg'),
  (107, '서면1번가', 1, '부산 부산진구에 위치한 서면1번가는 지역 특유의 분위기가 살아 있는 거리입니다. 골목마다 다른 가게와 풍경이 이어집니다.', 5, 35.1535355425109, 129.05825767078, '부산광역시 부산진구 신천대로62번길 61 (부전동)', '상시 개방 · 점포별 운영 시간 상이', 'https://tong.visitkorea.or.kr/cms/resource/33/3496933_image2_1.jpg', 'https://tong.visitkorea.or.kr/cms/resource/33/3496933_image3_1.jpg'),
  (108, '아미르공원', 1, '아미르공원은 부산 영도구의 도심 공원입니다. 산책로와 휴식 공간이 잘 갖춰져 있어 일상 가까이에서 여유를 찾을 수 있습니다.', 4, 35.07716670828908, 129.08195628761837, '부산광역시 영도구 해양로301번길 55 (동삼동)', '상시 개방 · 연중무휴 · 무료', 'https://tong.visitkorea.or.kr/cms/resource/50/3498650_image2_1.jpg', 'https://tong.visitkorea.or.kr/cms/resource/50/3498650_image3_1.jpg'),
  (109, '장미원', 1, '부산 북구에 자리한 장미원은 시민과 여행자가 함께 찾는 휴식 공간입니다. 계절에 따라 다른 분위기를 만날 수 있습니다.', 8, 35.2333557910514, 129.009887746884, '부산광역시 북구 화명동 2280', '상시 개방 · 연중무휴 · 무료', 'https://tong.visitkorea.or.kr/cms/resource/80/3497080_image2_1.jpg', 'https://tong.visitkorea.or.kr/cms/resource/80/3497080_image3_1.jpg'),
  (110, '오시리아 해안산책로', 1, '오시리아 해안산책로는 부산 기장군를 따라 이어지는 산책 코스입니다. 부담 없는 거리와 풍경 덕분에 산책과 러닝 모두에 적합합니다.', 16, 35.1976, 129.2296, '부산광역시 기장군 기장읍 시랑리 62-22', '상시 개방 · 연중무휴 · 무료', 'https://tong.visitkorea.or.kr/cms/resource/00/3494300_image2_1.jpg', 'https://tong.visitkorea.or.kr/cms/resource/00/3494300_image3_1.jpg'),
  (111, '해운대 달맞이길', 1, '부산 해운대구에 자리한 해운대 달맞이길은 걷는 재미가 있는 길입니다. 구간마다 다른 풍경이 펼쳐져 천천히 둘러보기 좋습니다.', 9, 35.1576790506242, 129.182540419138, '부산광역시 해운대구 달맞이길 190', '상시 개방 · 연중무휴 · 무료', 'https://tong.visitkorea.or.kr/cms/resource/48/3412848_image2_1.jpg', 'https://tong.visitkorea.or.kr/cms/resource/48/3412848_image3_1.jpg'),
  (112, '혜원정사(부산)', 1, '혜원정사(부산)은 부산 연제구에 자리한 전통 사찰입니다. 고요한 경내와 주변 자연이 어우러져 차분한 시간을 보낼 수 있습니다.', 13, 35.1839770093075, 129.09068435853, '부산광역시 연제구 고분로68번길 47 (연산동)', '일출~일몰 · 연중무휴 · 무료', 'https://tong.visitkorea.or.kr/cms/resource/29/3498529_image2_1.jpg', 'https://tong.visitkorea.or.kr/cms/resource/29/3498529_image3_1.jpg'),
  (113, '화명생태공원', 1, '부산 북구의 화명생태공원은 자연 학습과 휴식을 함께할 수 있는 공원입니다. 가족 단위 나들이 장소로 자주 찾는 곳입니다.', 8, 35.226662731912064, 129.00454069619033, '부산광역시 북구 생태공원길 125 (화명동)', '상시 개방 · 연중무휴 · 무료', 'https://tong.visitkorea.or.kr/cms/resource/60/3497060_image2_1.jpg', 'https://tong.visitkorea.or.kr/cms/resource/60/3497060_image3_1.jpg'),
  (114, '금정산성 막걸리', 1, '금정산성 막걸리는 부산 금정구에 있는 이색 테마 체험 공간입니다. 다른 곳에서 보기 어려운 콘텐츠로 방문객의 발길을 끄는 장소입니다.', 11, 35.2503824321967, 129.056394043675, '부산광역시 금정구 산성로 453 (금성동)', '10:00~19:00 · 연중무휴 · 유료', 'https://tong.visitkorea.or.kr/cms/resource/14/3494314_image2_1.jpg', 'https://tong.visitkorea.or.kr/cms/resource/14/3494314_image3_1.jpg'),
  (115, '송정해수욕장', 1, '부산 해운대구에 자리한 송정해수욕장은 바다와 맞닿은 경관으로 사랑받는 곳입니다. 일출과 일몰 무렵의 풍경이 특히 인상적입니다.', 9, 35.178728, 129.199722, '부산광역시 해운대구 송정동 712-2', '상시 개방 · 연중무휴 · 무료', 'https://tong.visitkorea.or.kr/cms/resource/22/3495922_image2_1.jpg', 'https://tong.visitkorea.or.kr/cms/resource/22/3495922_image3_1.jpg'),
  (116, '신선대(부산)', 1, '신선대(부산)은 부산 남구의 바다를 대표하는 명소입니다. 탁 트인 수평선과 해안 풍경이 사계절 내내 방문객을 맞이합니다.', 7, 35.1032784113749, 129.103349305761, '부산광역시 남구 용당동 산170', '상시 개방 · 연중무휴 · 무료', 'https://tong.visitkorea.or.kr/cms/resource/31/3496831_image2_1.jpg', 'https://tong.visitkorea.or.kr/cms/resource/31/3496831_image3_1.jpg'),
  (117, '죽성항', 1, '부산 기장군에 자리한 죽성항은 바다와 맞닿은 경관으로 사랑받는 곳입니다. 일출과 일몰 무렵의 풍경이 특히 인상적입니다.', 16, 35.2426063741051, 129.246818167789, '부산광역시 기장군 기장읍 죽성리 30-33', '상시 개방 · 연중무휴 · 무료', 'https://tong.visitkorea.or.kr/cms/resource/79/3494079_image2_1.jpg', 'https://tong.visitkorea.or.kr/cms/resource/79/3494079_image3_1.jpg'),
  (118, '다대포해수욕장', 1, '다대포해수욕장은 부산 사하구의 바다를 대표하는 명소입니다. 탁 트인 수평선과 해안 풍경이 사계절 내내 방문객을 맞이합니다.', 10, 35.046247, 128.963151, '부산광역시 사하구 몰운대1길 14', '상시 개방 · 연중무휴 · 무료', 'https://tong.visitkorea.or.kr/cms/resource/15/3497115_image2_1.jpg', 'https://tong.visitkorea.or.kr/cms/resource/15/3497115_image3_1.jpg'),
  (119, '민락수변공원', 1, '부산 수영구에 자리한 민락수변공원은 시민과 여행자가 함께 찾는 휴식 공간입니다. 계절에 따라 다른 분위기를 만날 수 있습니다.', 14, 35.1545, 129.133, '부산광역시 수영구 민락동 110-19', '상시 개방 · 연중무휴 · 무료', 'https://tong.visitkorea.or.kr/cms/resource/66/3498366_image2_1.jpg', 'https://tong.visitkorea.or.kr/cms/resource/66/3498366_image3_1.jpg'),
  (120, '신평소공원', 1, '신평소공원은 부산 기장군의 도심 공원입니다. 산책로와 휴식 공간이 잘 갖춰져 있어 일상 가까이에서 여유를 찾을 수 있습니다.', 16, 35.2937, 129.2606, '부산광역시 기장군 일광면 일광로 582-47', '상시 개방 · 연중무휴 · 무료', 'https://tong.visitkorea.or.kr/cms/resource/04/3494104_image2_1.jpg', 'https://tong.visitkorea.or.kr/cms/resource/04/3494104_image3_1.jpg'),
  (121, '석탑사', 1, '부산 기장군의 석탑사는 오랜 시간 자리를 지켜 온 종교 유적입니다. 법회와 행사 일정에 따라 분위기가 달라집니다.', 16, 35.3231, 129.1615, '부산광역시 기장군 정관읍 용수공단2길 70-14', '일출~일몰 · 연중무휴 · 무료', 'https://tong.visitkorea.or.kr/cms/resource/87/3494287_image2_1.jpg', 'https://tong.visitkorea.or.kr/cms/resource/87/3494287_image3_1.jpg'),
  (122, '일광해수욕장', 1, '일광해수욕장은 부산 기장군의 바다를 대표하는 명소입니다. 탁 트인 수평선과 해안 풍경이 사계절 내내 방문객을 맞이합니다.', 16, 35.2598, 129.234, '부산광역시 기장군 일광읍 삼성리 143-10', '상시 개방 · 연중무휴 · 무료', 'https://tong.visitkorea.or.kr/cms/resource/94/3495494_image2_1.jpg', 'https://tong.visitkorea.or.kr/cms/resource/94/3495494_image3_1.jpg'),
  (123, '죽성드림세트장', 1, '부산 기장군에 위치한 죽성드림세트장은 독특한 테마와 체험 요소로 알려진 곳입니다. 일정 중 색다른 시간을 보내고 싶을 때 들르기 좋습니다.', 16, 35.240969, 129.248501, '부산광역시 기장군 기장읍 두호1길 2-7 일원', '10:00~19:00 · 연중무휴 · 유료', 'https://tong.visitkorea.or.kr/cms/resource/74/3495474_image2_1.jpg', 'https://tong.visitkorea.or.kr/cms/resource/74/3495474_image3_1.jpg'),
  (124, '하리선착장(부산)', 1, '하리선착장(부산)은 부산 영도구의 바다를 대표하는 명소입니다. 탁 트인 수평선과 해안 풍경이 사계절 내내 방문객을 맞이합니다.', 4, 35.070554, 129.081445, '부산광역시 영도구 하리해안길 17-5 (동삼동)', '상시 개방 · 연중무휴 · 무료', 'https://tong.visitkorea.or.kr/cms/resource/08/3498708_image2_1.jpg', 'https://tong.visitkorea.or.kr/cms/resource/08/3498708_image3_1.jpg'),
  (125, '임랑해수욕장', 1, '부산 기장군에 자리한 임랑해수욕장은 바다와 맞닿은 경관으로 사랑받는 곳입니다. 일출과 일몰 무렵의 풍경이 특히 인상적입니다.', 16, 35.3159730180485, 129.262056351708, '부산광역시 기장군 장안읍 임랑리', '상시 개방 · 연중무휴 · 무료', 'https://tong.visitkorea.or.kr/cms/resource/79/3495479_image2_1.jpg', 'https://tong.visitkorea.or.kr/cms/resource/79/3495479_image3_1.jpg'),
  (126, '유치환 우체통 전망대', 1, '유치환 우체통 전망대는 부산 동구에 세워진 기념 명소입니다. 주변 조망과 함께 지역이 기억하는 이야기를 마주할 수 있습니다.', 3, 35.1220958828546, 129.033841502225, '부산광역시 동구 망양로580번길 2 (초량동)', '상시 개방 · 연중무휴 · 무료', 'https://tong.visitkorea.or.kr/cms/resource/85/3496885_image2_1.jpg', 'https://tong.visitkorea.or.kr/cms/resource/85/3496885_image3_1.jpg'),
  (127, '을숙도 공원', 1, '부산 사하구의 을숙도 공원은 자연 학습과 휴식을 함께할 수 있는 공원입니다. 가족 단위 나들이 장소로 자주 찾는 곳입니다.', 10, 35.10449270271807, 128.94597747957368, '부산광역시 사하구 낙동남로 1240 (하단동)', '상시 개방 · 연중무휴 · 무료', 'https://tong.visitkorea.or.kr/cms/resource/21/3497121_image2_1.jpg', 'https://tong.visitkorea.or.kr/cms/resource/21/3497121_image3_1.jpg'),
  (128, '75광장', 1, '75광장은 부산 영도구의 도심 공원입니다. 산책로와 휴식 공간이 잘 갖춰져 있어 일상 가까이에서 여유를 찾을 수 있습니다.', 4, 35.0706226, 129.0580351, '부산광역시 영도구 동삼동 628-101', '상시 개방 · 연중무휴 · 무료', 'https://tong.visitkorea.or.kr/cms/resource/86/3498486_image2_1.jpg', 'https://tong.visitkorea.or.kr/cms/resource/86/3498486_image3_1.jpg'),
  (129, '가덕도', 1, '부산 강서구에 자리한 가덕도는 바다와 맞닿은 경관으로 사랑받는 곳입니다. 일출과 일몰 무렵의 풍경이 특히 인상적입니다.', 12, 35.03987343745961, 128.82839001873035, '부산광역시 강서구 서천로42번길 351 (천성동)', '상시 개방 · 연중무휴 · 무료', 'https://tong.visitkorea.or.kr/cms/resource/69/3491669_image2_1.jpg', 'https://tong.visitkorea.or.kr/cms/resource/69/3491669_image3_1.jpg'),
  (130, '용소웰빙공원', 1, '용소웰빙공원은 부산 기장군의 도심 공원입니다. 산책로와 휴식 공간이 잘 갖춰져 있어 일상 가까이에서 여유를 찾을 수 있습니다.', 16, 35.2467, 129.2045, '부산광역시 기장군 기장읍 서부리 산7-2', '상시 개방 · 연중무휴 · 무료', 'https://tong.visitkorea.or.kr/cms/resource/87/3494087_image2_1.jpg', 'https://tong.visitkorea.or.kr/cms/resource/87/3494087_image3_1.jpg'),
  (131, '대항전망대', 1, '부산 강서구에 위치한 대항전망대에서는 부산의 풍경을 한눈에 조망할 수 있습니다. 해 질 무렵 방문하면 야경까지 함께 즐길 수 있습니다.', 12, 35.0165, 128.8259, '부산광역시 강서구 대항동 산1-4', '상시 개방 · 연중무휴 · 무료', 'https://tong.visitkorea.or.kr/cms/resource/56/3491656_image2_1.jpg', 'https://tong.visitkorea.or.kr/cms/resource/56/3491656_image3_1.jpg'),
  (132, '대항선착장', 1, '대항선착장은 부산 강서구의 바다를 대표하는 명소입니다. 탁 트인 수평선과 해안 풍경이 사계절 내내 방문객을 맞이합니다.', 12, 35.012289518339, 128.825972095374, '부산광역시 강서구 대항동 393-3 (대항동)', '상시 개방 · 연중무휴 · 무료', 'https://tong.visitkorea.or.kr/cms/resource/62/3491662_image2_1.jpg', 'https://tong.visitkorea.or.kr/cms/resource/62/3491662_image3_1.jpg'),
  (133, '외양포항', 1, '부산 강서구에 자리한 외양포항은 바다와 맞닿은 경관으로 사랑받는 곳입니다. 일출과 일몰 무렵의 풍경이 특히 인상적입니다.', 12, 35.0305597193427, 128.832923726846, '부산광역시 강서구 천성동 산 6-98', '상시 개방 · 연중무휴 · 무료', 'https://tong.visitkorea.or.kr/cms/resource/12/3491612_image2_1.jpg', 'https://tong.visitkorea.or.kr/cms/resource/12/3491612_image3_1.jpg'),
  (134, '삼광사', 1, '삼광사는 부산 부산진구에 자리한 전통 사찰입니다. 고요한 경내와 주변 자연이 어우러져 차분한 시간을 보낼 수 있습니다.', 5, 35.175922244823, 129.043430749141, '부산광역시 부산진구 초읍천로43번길 77 (초읍동)', '일출~일몰 · 연중무휴 · 무료', 'https://tong.visitkorea.or.kr/cms/resource/08/3492208_image2_1.jpg', 'https://tong.visitkorea.or.kr/cms/resource/08/3492208_image3_1.jpg'),
  (135, '부평족발골목', 1, '부산 중구에 위치한 부평족발골목은 지역 특유의 분위기가 살아 있는 거리입니다. 골목마다 다른 가게와 풍경이 이어집니다.', 1, 35.0991746800796, 129.026428807255, '부산광역시 중구 광복로12번길 3', '상시 개방 · 점포별 운영 시간 상이', 'https://tong.visitkorea.or.kr/cms/resource/84/3492384_image2_1.jpg', 'https://tong.visitkorea.or.kr/cms/resource/84/3492384_image3_1.jpg'),
  (136, '맥도생태공원', 1, '맥도생태공원은 부산 강서구에 조성된 생태 공원입니다. 계절마다 바뀌는 식생과 산책로가 어우러져 가볍게 걷기 좋습니다.', 12, 35.1498, 128.9558, '부산광역시 강서구 대저2동 1200-32', '상시 개방 · 연중무휴 · 무료', 'https://tong.visitkorea.or.kr/cms/resource/32/3491932_image2_1.jpg', 'https://tong.visitkorea.or.kr/cms/resource/32/3491932_image3_1.jpg'),
  (137, '연등사(부산)', 1, '부산 동구의 연등사(부산)은 오랜 시간 자리를 지켜 온 종교 유적입니다. 법회와 행사 일정에 따라 분위기가 달라집니다.', 3, 35.1330762737697, 129.049195279133, '부산광역시 동구 좌천동로 17-3 (좌천동)', '일출~일몰 · 연중무휴 · 무료', 'https://tong.visitkorea.or.kr/cms/resource/77/3493477_image2_1.jpg', 'https://tong.visitkorea.or.kr/cms/resource/77/3493477_image3_1.jpg'),
  (138, '에코델타시티 전망대', 1, '에코델타시티 전망대는 부산 강서구의 전망 명소입니다. 도시와 바다가 함께 담기는 시야 덕분에 사진 촬영지로도 인기가 많습니다.', 12, 35.136371136052, 128.922029182869, '부산 강서구 대저2동 5438-3', '상시 개방 · 연중무휴 · 무료', 'https://tong.visitkorea.or.kr/cms/resource/52/3491952_image2_1.jpg', 'https://tong.visitkorea.or.kr/cms/resource/52/3491952_image3_1.jpg'),
  (139, '오방맛길', 1, '부산 연제구에 위치한 오방맛길은 지역 특유의 분위기가 살아 있는 거리입니다. 골목마다 다른 가게와 풍경이 이어집니다.', 13, 35.1859331756485, 129.083778371985, '부산광역시 연제구 고분로 13 (연산동)', '상시 개방 · 점포별 운영 시간 상이', 'https://tong.visitkorea.or.kr/cms/resource/11/3491511_image2_1.jpg', 'https://tong.visitkorea.or.kr/cms/resource/11/3491511_image3_1.jpg'),
  (140, '부산 올림픽동산', 1, '부산 올림픽동산은 부산 해운대구의 도심 공원입니다. 산책로와 휴식 공간이 잘 갖춰져 있어 일상 가까이에서 여유를 찾을 수 있습니다.', 9, 35.164548, 129.131853, '부산 해운대구 우동', '상시 개방 · 연중무휴 · 무료', 'https://tong.visitkorea.or.kr/cms/resource/10/3492210_image2_1.jpg', 'https://tong.visitkorea.or.kr/cms/resource/10/3492210_image3_1.jpg'),
  (141, '온정개건비', 1, '부산 동래구에 자리한 온정개건비는 지역의 상징적인 장소로 꼽힙니다. 잠시 머무르며 도시의 풍경을 내려다보기 좋습니다.', 6, 35.2201324863343, 129.0812192925, '부산광역시 동래구 금강로124번길 23-17 (온천동)', '상시 개방 · 연중무휴 · 무료', 'https://tong.visitkorea.or.kr/cms/resource/49/3492349_image2_1.jpg', 'https://tong.visitkorea.or.kr/cms/resource/49/3492349_image3_1.jpg'),
  (142, '울림공원', 1, '울림공원은 부산 강서구의 도심 공원입니다. 산책로와 휴식 공간이 잘 갖춰져 있어 일상 가까이에서 여유를 찾을 수 있습니다.', 12, 35.1021, 128.9272, '부산광역시 강서구 명지국제6로318번길 77 (명지동)', '상시 개방 · 연중무휴 · 무료', 'https://tong.visitkorea.or.kr/cms/resource/75/3491575_image2_1.jpg', 'https://tong.visitkorea.or.kr/cms/resource/75/3491575_image3_1.jpg'),
  (143, '명지동근린공원', 1, '부산 강서구에 자리한 명지동근린공원은 시민과 여행자가 함께 찾는 휴식 공간입니다. 계절에 따라 다른 분위기를 만날 수 있습니다.', 12, 35.0869933306182, 128.906629198788, '부산광역시 강서구 명지오션시티10로 95', '상시 개방 · 연중무휴 · 무료', 'https://tong.visitkorea.or.kr/cms/resource/18/3491618_image2_1.jpg', 'https://tong.visitkorea.or.kr/cms/resource/18/3491618_image3_1.jpg'),
  (144, '수영사적공원', 1, '수영사적공원은 부산 수영구의 도심 공원입니다. 산책로와 휴식 공간이 잘 갖춰져 있어 일상 가까이에서 여유를 찾을 수 있습니다.', 14, 35.1706540237973, 129.114474177791, '부산광역시 수영구 수영성로 43 (수영동)', '상시 개방 · 연중무휴 · 무료', 'https://tong.visitkorea.or.kr/cms/resource/78/3491478_image2_1.jpg', 'https://tong.visitkorea.or.kr/cms/resource/78/3491478_image3_1.jpg'),
  (145, '대저수문 생태공원', 1, '부산 강서구의 대저수문 생태공원은 자연 학습과 휴식을 함께할 수 있는 공원입니다. 가족 단위 나들이 장소로 자주 찾는 곳입니다.', 12, 35.23, 128.9924, '부산광역시 강서구 대저1동 279-9', '상시 개방 · 연중무휴 · 무료', 'https://tong.visitkorea.or.kr/cms/resource/91/3491591_image2_1.jpg', 'https://tong.visitkorea.or.kr/cms/resource/91/3491591_image3_1.jpg'),
  (146, '부산진성', 1, '부산진성은 부산 동구에 남아 있는 역사 유적입니다. 부산이 지나온 시간의 흔적을 현장에서 직접 확인할 수 있습니다.', 3, 35.135679, 129.060523, '부산광역시 동구 자성로 99 (범일동)', '09:00~18:00 · 매주 월요일 휴관 · 무료', 'https://tong.visitkorea.or.kr/cms/resource/32/3492332_image2_1.jpg', 'https://tong.visitkorea.or.kr/cms/resource/32/3492332_image3_1.jpg'),
  (147, '해월정', 1, '부산 해운대구의 해월정은 지역의 역사를 간직한 장소입니다. 안내판과 해설을 따라 둘러보면 그 배경을 더 깊이 이해할 수 있습니다.', 9, 35.156757, 129.181638, '부산광역시 해운대구 달맞이길 184 (중동)', '09:00~18:00 · 매주 월요일 휴관 · 무료', 'https://tong.visitkorea.or.kr/cms/resource/21/3493521_image2_1.jpg', 'https://tong.visitkorea.or.kr/cms/resource/21/3493521_image3_1.jpg'),
  (148, '장림포구', 1, '장림포구는 부산 사하구의 바다를 대표하는 명소입니다. 탁 트인 수평선과 해안 풍경이 사계절 내내 방문객을 맞이합니다.', 10, 35.080926, 128.957464, '부산광역시 사하구 장림로93번길 72 (장림동)', '상시 개방 · 연중무휴 · 무료', 'https://tong.visitkorea.or.kr/cms/resource/88/3493588_image2_1.jpg', 'https://tong.visitkorea.or.kr/cms/resource/88/3493588_image3_1.jpg'),
  (149, '역사의 디오라마', 1, '부산 중구에 위치한 역사의 디오라마에서는 부산의 풍경을 한눈에 조망할 수 있습니다. 해 질 무렵 방문하면 야경까지 함께 즐길 수 있습니다.', 1, 35.114466, 129.032977, '부산광역시 중구 영주로 93', '상시 개방 · 연중무휴 · 무료', 'https://tong.visitkorea.or.kr/cms/resource/44/3493644_image2_1.jpg', 'https://tong.visitkorea.or.kr/cms/resource/44/3493644_image3_1.jpg'),
  (150, '부산 에덴공원', 1, '부산 에덴공원은 부산 사하구의 도심 공원입니다. 산책로와 휴식 공간이 잘 갖춰져 있어 일상 가까이에서 여유를 찾을 수 있습니다.', 10, 35.1091945456955, 128.96320109117, '부산광역시 사하구 하단동', '상시 개방 · 연중무휴 · 무료', 'https://tong.visitkorea.or.kr/cms/resource/71/3492171_image2_1.jpg', 'https://tong.visitkorea.or.kr/cms/resource/71/3492171_image3_1.jpg');

INSERT INTO `place` (`id`, `name`, `type_id`, `description`, `district_id`, `latitude`, `longitude`, `address`, `operating_info`, `image_url_1`, `image_url_2`) VALUES
  (151, '40계단 문화관광테마거리', 1, '부산 중구에 위치한 40계단 문화관광테마거리는 지역 특유의 분위기가 살아 있는 거리입니다. 골목마다 다른 가게와 풍경이 이어집니다.', 1, 35.104, 129.0347, '부산광역시 중구 중앙대로 73 (중앙동4가)', '상시 개방 · 점포별 운영 시간 상이', 'https://tong.visitkorea.or.kr/cms/resource/32/3493432_image2_1.jpg', 'https://tong.visitkorea.or.kr/cms/resource/32/3493432_image3_1.jpg'),
  (152, '오륙도 스카이워크', 1, '오륙도 스카이워크는 부산 남구의 전망 명소입니다. 도시와 바다가 함께 담기는 시야 덕분에 사진 촬영지로도 인기가 많습니다.', 7, 35.1006, 129.1244, '부산광역시 남구 오륙도로 137', '상시 개방 · 연중무휴 · 무료', 'https://tong.visitkorea.or.kr/cms/resource/69/3492369_image2_1.jpg', 'https://tong.visitkorea.or.kr/cms/resource/69/3492369_image3_1.jpg'),
  (153, '동래읍성지', 1, '부산 동래구의 동래읍성지는 지역의 역사를 간직한 장소입니다. 안내판과 해설을 따라 둘러보면 그 배경을 더 깊이 이해할 수 있습니다.', 6, 35.209522, 129.089586, '부산광역시 동래구 동래역사관길 18 (복천동)', '09:00~18:00 · 매주 월요일 휴관 · 무료', 'https://tong.visitkorea.or.kr/cms/resource/91/3492391_image2_1.jpg', 'https://tong.visitkorea.or.kr/cms/resource/91/3492391_image3_1.jpg'),
  (154, '구포만세거리', 1, '구포만세거리는 부산 북구의 개성 있는 거리입니다. 카페와 상점, 골목 풍경이 어우러져 걸으며 둘러보는 재미가 있습니다.', 8, 35.206638086461524, 128.99778535877675, '부산광역시 북구 구포만세길 109 (구포동)', '상시 개방 · 점포별 운영 시간 상이', 'https://tong.visitkorea.or.kr/cms/resource/34/3493634_image2_1.jpg', 'https://tong.visitkorea.or.kr/cms/resource/34/3493634_image3_1.jpg'),
  (155, '다대포항', 1, '부산 사하구에 자리한 다대포항은 바다와 맞닿은 경관으로 사랑받는 곳입니다. 일출과 일몰 무렵의 풍경이 특히 인상적입니다.', 10, 35.0536, 128.9839, '부산광역시 사하구 다대동', '상시 개방 · 연중무휴 · 무료', 'https://tong.visitkorea.or.kr/cms/resource/52/3492452_image2_1.jpg', 'https://tong.visitkorea.or.kr/cms/resource/52/3492452_image3_1.jpg'),
  (156, '신호공원', 1, '신호공원은 부산 강서구의 도심 공원입니다. 산책로와 휴식 공간이 잘 갖춰져 있어 일상 가까이에서 여유를 찾을 수 있습니다.', 12, 35.0821708614068, 128.8708641169917, '부산광역시 강서구 신호산단1로72번길 46 (신호동)', '상시 개방 · 연중무휴 · 무료', 'https://tong.visitkorea.or.kr/cms/resource/02/3491602_image2_1.jpg', 'https://tong.visitkorea.or.kr/cms/resource/02/3491602_image3_1.jpg'),
  (157, '고흐의 길', 1, '부산 해운대구에 자리한 고흐의 길은 걷는 재미가 있는 길입니다. 구간마다 다른 풍경이 펼쳐져 천천히 둘러보기 좋습니다.', 9, 35.175895, 129.183648, '부산광역시 해운대구 해운대로 898 (좌동) 부산환경공단 앞', '상시 개방 · 연중무휴 · 무료', 'https://tong.visitkorea.or.kr/cms/resource/78/3492478_image2_1.jpg', 'https://tong.visitkorea.or.kr/cms/resource/78/3492478_image3_1.jpg'),
  (158, '누리바라기전망대', 1, '누리바라기전망대는 부산 서구의 전망 명소입니다. 도시와 바다가 함께 담기는 시야 덕분에 사진 촬영지로도 인기가 많습니다.', 2, 35.0907588894739, 129.020301832573, '부산광역시 서구 남부민동 50-40 (남부민동)', '상시 개방 · 연중무휴 · 무료', NULL, NULL),
  (159, '감만시민부두', 1, '부산 남구에 자리한 감만시민부두는 바다와 맞닿은 경관으로 사랑받는 곳입니다. 일출과 일몰 무렵의 풍경이 특히 인상적입니다.', 7, 35.1096686789499, 129.068721798909, '부산광역시 남구 감만동', '상시 개방 · 연중무휴 · 무료', NULL, NULL),
  (160, '대변마을', 1, '대변마을은 부산 기장군의 개성 있는 거리입니다. 카페와 상점, 골목 풍경이 어우러져 걸으며 둘러보는 재미가 있습니다.', 16, 35.224783162581, 129.230364645028, '부산광역시 기장군 기장읍 기장해안로 605', '상시 개방 · 점포별 운영 시간 상이', NULL, NULL),
  (161, '화전공원', 1, '부산 강서구에 자리한 화전공원은 시민과 여행자가 함께 찾는 휴식 공간입니다. 계절에 따라 다른 분위기를 만날 수 있습니다.', 12, 35.105611514459255, 128.87910610449947, '부산광역시 강서구 화전산단5로 84 (화전동)', '상시 개방 · 연중무휴 · 무료', 'https://tong.visitkorea.or.kr/cms/resource/70/2791370_image2_1.jpg', 'https://tong.visitkorea.or.kr/cms/resource/70/2791370_image3_1.jpg'),
  (162, '대저생태공원', 1, '대저생태공원은 부산 강서구에 조성된 생태 공원입니다. 계절마다 바뀌는 식생과 산책로가 어우러져 가볍게 걷기 좋습니다.', 12, 35.199412, 128.974342, '부산광역시 강서구 공항로 1246 (대저1동)', '상시 개방 · 연중무휴 · 무료', 'https://tong.visitkorea.or.kr/cms/resource/14/3491914_image2_1.jpg', 'https://tong.visitkorea.or.kr/cms/resource/14/3491914_image3_1.jpg'),
  (163, '닥밭골 벽화마을', 1, '부산 서구에 위치한 닥밭골 벽화마을은 지역 특유의 분위기가 살아 있는 거리입니다. 골목마다 다른 가게와 풍경이 이어집니다.', 2, 35.1142867370919, 129.023561990559, '부산 서구 동대신동2가 87-218', '상시 개방 · 점포별 운영 시간 상이', 'https://tong.visitkorea.or.kr/cms/resource/02/3492402_image2_1.jpg', 'https://tong.visitkorea.or.kr/cms/resource/02/3492402_image3_1.jpg'),
  (164, '부산 연산동 고분군', 1, '부산 연산동 고분군은 부산 연제구에 남아 있는 역사 유적입니다. 부산이 지나온 시간의 흔적을 현장에서 직접 확인할 수 있습니다.', 13, 35.18699, 129.091738, '부산광역시 연제구 연산동 산 90-19', '09:00~18:00 · 매주 월요일 휴관 · 무료', NULL, NULL),
  (165, '부산엑스더스카이', 1, '부산 해운대구에 위치한 부산엑스더스카이에서는 부산의 풍경을 한눈에 조망할 수 있습니다. 해 질 무렵 방문하면 야경까지 함께 즐길 수 있습니다.', 9, 35.1613422355215, 129.16801389247, '부산광역시 해운대구 달맞이길 30 엘시티 랜드마크타워 98~100F', '상시 개방 · 연중무휴 · 무료', 'https://tong.visitkorea.or.kr/cms/resource/16/3350316_image2_1.jpg', 'https://tong.visitkorea.or.kr/cms/resource/16/3350316_image3_1.jpg'),
  (166, '동래온천노천족욕탕', 1, '동래온천노천족욕탕은 부산 동래구에 위치한 휴식·웰니스 공간입니다. 여행 중 지친 몸을 재정비하기 좋은 시설을 갖추고 있습니다.', 6, 35.2199975933787, 129.081445329643, '부산광역시 동래구 금강공원로26번길 21', '09:00~22:00 · 연중무휴 · 유료', NULL, NULL),
  (167, '국립 달음산자연휴양림', 1, '부산 기장군의 국립 달음산자연휴양림은 자연 학습과 휴식을 함께할 수 있는 공원입니다. 가족 단위 나들이 장소로 자주 찾는 곳입니다.', 16, 35.3027147996603, 129.185413874156, '부산광역시 기장군 일광면 화용길 299-106', '상시 개방 · 연중무휴 · 무료', 'https://tong.visitkorea.or.kr/cms/resource/21/2611721_image2_1.jpg', 'https://tong.visitkorea.or.kr/cms/resource/21/2611721_image3_1.jpg'),
  (168, '가덕도외양포전망대', 1, '가덕도외양포전망대는 부산 강서구의 전망 명소입니다. 도시와 바다가 함께 담기는 시야 덕분에 사진 촬영지로도 인기가 많습니다.', 12, 34.9897467690286, 128.82890339481102, '부산광역시 강서구 외양포로 10 (대항동)', '상시 개방 · 연중무휴 · 무료', 'https://tong.visitkorea.or.kr/cms/resource/22/3015322_image2_1.JPG', 'https://tong.visitkorea.or.kr/cms/resource/22/3015322_image3_1.JPG'),
  (169, '월전포구(월전방파제)', 1, '부산 기장군에 자리한 월전포구(월전방파제)는 바다와 맞닿은 경관으로 사랑받는 곳입니다. 일출과 일몰 무렵의 풍경이 특히 인상적입니다.', 16, 35.2382846292912, 129.245146222573, '부산광역시 기장군 기장읍 월전해안길 31', '상시 개방 · 연중무휴 · 무료', 'https://tong.visitkorea.or.kr/cms/resource/15/3336615_image2_1.jpg', 'https://tong.visitkorea.or.kr/cms/resource/15/3336615_image3_1.jpg'),
  (170, '척판암(부산)', 1, '척판암(부산)은 부산 기장군에 자리한 전통 사찰입니다. 고요한 경내와 주변 자연이 어우러져 차분한 시간을 보낼 수 있습니다.', 16, 35.3744, 129.224, '부산광역시 기장군 장안읍 장안리', '일출~일몰 · 연중무휴 · 무료', 'https://tong.visitkorea.or.kr/cms/resource/86/3070586_image2_1.JPG', 'https://tong.visitkorea.or.kr/cms/resource/86/3070586_image3_1.JPG'),
  (171, '당산', 1, '부산 동구의 당산은 오랜 시간 자리를 지켜 온 종교 유적입니다. 법회와 행사 일정에 따라 분위기가 달라집니다.', 3, 35.1170893868025, 129.034380349312, '부산광역시 동구 망양로478번길 13 (초량동)', '일출~일몰 · 연중무휴 · 무료', 'https://tong.visitkorea.or.kr/cms/resource/59/3337459_image2_1.jpg', 'https://tong.visitkorea.or.kr/cms/resource/59/3337459_image3_1.jpg'),
  (172, '백양산 (부산 국가지질공원)', 1, '백양산 (부산 국가지질공원)은 부산 부산진구의 산림 명소입니다. 도심에서 가까우면서도 숲길과 능선을 따라 걷는 즐거움이 있는 곳입니다.', 5, 35.1853287241433, 129.0423888247, '부산광역시 부산진구 새싹로 295', '상시 개방 · 연중무휴 · 무료 (일몰 후 산행 자제)', NULL, NULL),
  (173, '우암동 도시숲', 1, '부산 남구에 위치한 우암동 도시숲은 등산과 산책을 함께 즐길 수 있는 자연 명소입니다. 정상부에서는 부산 시가지와 바다가 한눈에 들어옵니다.', 7, 35.1274527698591, 129.072607055839, '부산광역시 남구 우암동 127-142', '상시 개방 · 연중무휴 · 무료 (일몰 후 산행 자제)', 'https://tong.visitkorea.or.kr/cms/resource/23/3354023_image2_1.jpg', 'https://tong.visitkorea.or.kr/cms/resource/23/3354023_image3_1.jpg'),
  (174, '홍연폭포', 1, '홍연폭포는 부산 기장군의 산림 명소입니다. 도심에서 가까우면서도 숲길과 능선을 따라 걷는 즐거움이 있는 곳입니다.', 16, 35.2958291470173, 129.166674149164, '부산광역시 기장군 철마면 웅천리 879-47', '상시 개방 · 연중무휴 · 무료 (일몰 후 산행 자제)', 'https://tong.visitkorea.or.kr/cms/resource/50/3338650_image2_1.jpg', 'https://tong.visitkorea.or.kr/cms/resource/50/3338650_image3_1.jpg'),
  (175, '오륜대전망대', 1, '부산 금정구에 위치한 오륜대전망대에서는 부산의 풍경을 한눈에 조망할 수 있습니다. 해 질 무렵 방문하면 야경까지 함께 즐길 수 있습니다.', 11, 35.248301730142344, 129.11309852862306, '부산광역시 금정구 오륜대로 229 (오륜동)', '상시 개방 · 연중무휴 · 무료', 'https://tong.visitkorea.or.kr/cms/resource/45/2763945_image2_1.jpg', 'https://tong.visitkorea.or.kr/cms/resource/45/2763945_image3_1.jpg'),
  (176, '부산 감천문화마을', 1, '부산 감천문화마을은 부산 사하구의 개성 있는 거리입니다. 카페와 상점, 골목 풍경이 어우러져 걸으며 둘러보는 재미가 있습니다.', 10, 35.0974606978369, 129.010596996534, '부산광역시 사하구 감내2로 203', '상시 개방 · 점포별 운영 시간 상이', 'https://tong.visitkorea.or.kr/cms/resource/91/3365491_image2_1.jpg', 'https://tong.visitkorea.or.kr/cms/resource/91/3365491_image3_1.jpg'),
  (177, '장안사(부산)', 1, '부산 기장군의 장안사(부산)은 오랜 시간 자리를 지켜 온 종교 유적입니다. 법회와 행사 일정에 따라 분위기가 달라집니다.', 16, 35.3745266718277, 129.232843538067, '부산광역시 기장군 장안읍 장안로 482', '일출~일몰 · 연중무휴 · 무료', 'https://tong.visitkorea.or.kr/cms/resource/44/3561144_image2_1.jpg', 'https://tong.visitkorea.or.kr/cms/resource/44/3561144_image3_1.jpg'),
  (178, '영도어울림문화공원', 1, '영도어울림문화공원은 부산 영도구의 도심 공원입니다. 산책로와 휴식 공간이 잘 갖춰져 있어 일상 가까이에서 여유를 찾을 수 있습니다.', 4, 35.0752653795657, 129.066858950494, '부산광역시 영도구 함지로79번길 6 (동삼동)', '상시 개방 · 연중무휴 · 무료', 'https://tong.visitkorea.or.kr/cms/resource/84/3017484_image2_1.JPG', 'https://tong.visitkorea.or.kr/cms/resource/84/3017484_image3_1.JPG'),
  (179, '송도용궁구름다리', 1, '부산 서구에 위치한 송도용궁구름다리에서는 부산의 풍경을 한눈에 조망할 수 있습니다. 해 질 무렵 방문하면 야경까지 함께 즐길 수 있습니다.', 2, 35.0619178693452, 129.021988581433, '부산광역시 서구 암남동 620-53 암남공원 안', '상시 개방 · 연중무휴 · 무료', NULL, NULL),
  (180, '부산 차이나타운(상해문,상해거리)', 1, '부산 차이나타운(상해문,상해거리)는 부산 동구의 관광특구입니다. 볼거리와 먹거리, 즐길 거리가 밀집해 있어 여행의 거점으로 삼기 좋습니다.', 3, 35.11339094915113, 129.0385345717149, '부산광역시 동구 중앙대로179번길 1 (초량동)', '상시 개방 · 점포별 운영 시간 상이', NULL, NULL),
  (181, '부산항 영도 크루즈터미널', 1, '부산 영도구에 위치한 부산항 영도 크루즈터미널은 독특한 테마와 체험 요소로 알려진 곳입니다. 일정 중 색다른 시간을 보내고 싶을 때 들르기 좋습니다.', 4, 35.080760367516184, 129.0791693630236, '부산광역시 영도구 해양로301번길 17 (동삼동)', '10:00~19:00 · 연중무휴 · 유료', 'https://tong.visitkorea.or.kr/cms/resource/99/2797499_image2_1.JPG', 'https://tong.visitkorea.or.kr/cms/resource/99/2797499_image3_1.JPG'),
  (182, '월전장어구이촌', 1, '월전장어구이촌은 부산 기장군의 개성 있는 거리입니다. 카페와 상점, 골목 풍경이 어우러져 걸으며 둘러보는 재미가 있습니다.', 16, 35.2381207407253, 129.244140765312, '부산광역시 기장군 기장읍 죽성리 154-21', '상시 개방 · 점포별 운영 시간 상이', 'https://tong.visitkorea.or.kr/cms/resource/62/3552462_image2_1.jpg', 'https://tong.visitkorea.or.kr/cms/resource/62/3552462_image3_1.jpg'),
  (183, '국청사(부산)', 1, '부산 금정구의 국청사(부산)은 오랜 시간 자리를 지켜 온 종교 유적입니다. 법회와 행사 일정에 따라 분위기가 달라집니다.', 11, 35.2538895578, 129.0549922383, '부산광역시 금정구 북문로 42', '일출~일몰 · 연중무휴 · 무료', 'http://tong.visitkorea.or.kr/cms/resource/82/3552382_image2_1.jpg', 'http://tong.visitkorea.or.kr/cms/resource/82/3552382_image3_1.jpg'),
  (184, '해돋이전망대', 1, '해돋이전망대는 부산 영도구의 전망 명소입니다. 도시와 바다가 함께 담기는 시야 덕분에 사진 촬영지로도 인기가 많습니다.', 4, 35.0891108108, 129.0559688873, '부산광역시 영도구 해돋이3길 410-1 (청학동)', '상시 개방 · 연중무휴 · 무료', NULL, NULL),
  (185, '송도스카이파크', 1, '부산 서구에 위치한 송도스카이파크에서는 부산의 풍경을 한눈에 조망할 수 있습니다. 해 질 무렵 방문하면 야경까지 함께 즐길 수 있습니다.', 2, 35.0613910358, 129.0204310648, '부산광역시 서구 암남공원로 181 (암남동)', '상시 개방 · 연중무휴 · 무료', 'http://tong.visitkorea.or.kr/cms/resource/85/3589785_image2_1.jpg', 'http://tong.visitkorea.or.kr/cms/resource/85/3589785_image3_1.jpg'),
  (186, '옥련선원', 1, '옥련선원은 부산 수영구에 자리한 전통 사찰입니다. 고요한 경내와 주변 자연이 어우러져 차분한 시간을 보낼 수 있습니다.', 14, 35.161379026, 129.1266024351, '부산광역시 수영구 광남로257번길 58', '일출~일몰 · 연중무휴 · 무료', 'http://tong.visitkorea.or.kr/cms/resource/58/3589758_image2_1.jpg', 'http://tong.visitkorea.or.kr/cms/resource/58/3589758_image3_1.jpg'),
  (187, '금련산', 1, '부산 수영구에 위치한 금련산은 등산과 산책을 함께 즐길 수 있는 자연 명소입니다. 정상부에서는 부산 시가지와 바다가 한눈에 들어옵니다.', 14, 35.1602230601, 129.0974161159, '부산광역시 수영구 광안동', '상시 개방 · 연중무휴 · 무료 (일몰 후 산행 자제)', 'http://tong.visitkorea.or.kr/cms/resource/43/3589743_image2_1.jpg', 'http://tong.visitkorea.or.kr/cms/resource/43/3589743_image3_1.jpg'),
  (188, '두도', 1, '두도는 부산 서구의 바다를 대표하는 명소입니다. 탁 트인 수평선과 해안 풍경이 사계절 내내 방문객을 맞이합니다.', 2, 35.0490923097, 129.0148985467, '부산광역시 서구 암남동', '상시 개방 · 연중무휴 · 무료', 'http://tong.visitkorea.or.kr/cms/resource/28/3589728_image2_1.jpg', 'http://tong.visitkorea.or.kr/cms/resource/28/3589728_image3_1.jpg'),
  (189, '동백공원', 1, '부산 해운대구에 자리한 동백공원은 시민과 여행자가 함께 찾는 휴식 공간입니다. 계절에 따라 다른 분위기를 만날 수 있습니다.', 9, 35.1536609221, 129.1523226328, '부산광역시 해운대구 동백로 99 (우동)', '상시 개방 · 연중무휴 · 무료', 'http://tong.visitkorea.or.kr/cms/resource/62/3575962_image2_1.jpg', 'http://tong.visitkorea.or.kr/cms/resource/62/3575962_image3_1.jpg'),
  (190, '송도반도 (부산 국가지질공원)', 1, '송도반도 (부산 국가지질공원)은 부산 서구의 지질·지형 명소입니다. 오랜 세월에 걸쳐 만들어진 자연의 형태를 가까이에서 관찰할 수 있습니다.', 2, 35.0659655069, 129.019511576, '부산광역시 서구 암남동', '상시 개방 · 기상 악화 시 통제 · 무료', 'http://tong.visitkorea.or.kr/cms/resource/24/2614724_image2_1.bmp', 'http://tong.visitkorea.or.kr/cms/resource/24/2614724_image2_1.bmp'),
  (191, '절영해안산책로', 1, '부산 영도구에 자리한 절영해안산책로는 걷는 재미가 있는 길입니다. 구간마다 다른 풍경이 펼쳐져 천천히 둘러보기 좋습니다.', 4, 35.0812475294, 129.0411870536, '부산광역시 영도구 해안산책길 52', '상시 개방 · 연중무휴 · 무료', NULL, NULL),
  (192, '부산타워', 1, '부산타워는 부산 중구에 세워진 기념 명소입니다. 주변 조망과 함께 지역이 기억하는 이야기를 마주할 수 있습니다.', 1, 35.1011951345, 129.0323594995, '부산광역시 중구 용두산길 37-30 (광복동2가)', '상시 개방 · 연중무휴 · 무료', 'http://tong.visitkorea.or.kr/cms/resource/40/3494840_image2_1.jpg', 'http://tong.visitkorea.or.kr/cms/resource/40/3494840_image3_1.jpg'),
  (193, '마린시티', 1, '부산 해운대구에 위치한 마린시티는 지역 특유의 분위기가 살아 있는 거리입니다. 골목마다 다른 가게와 풍경이 이어집니다.', 9, 35.1560327184, 129.1436566548, '부산광역시 해운대구 우동 1411', '상시 개방 · 점포별 운영 시간 상이', 'http://tong.visitkorea.or.kr/cms/resource/89/3575989_image2_1.jpg', 'http://tong.visitkorea.or.kr/cms/resource/89/3575989_image3_1.jpg'),
  (194, '삼익비치수변공원', 1, '삼익비치수변공원은 부산 수영구의 도심 공원입니다. 산책로와 휴식 공간이 잘 갖춰져 있어 일상 가까이에서 여유를 찾을 수 있습니다.', 14, 35.1462388759, 129.1169286916, '부산광역시 수영구 남천동 148-103', '상시 개방 · 연중무휴 · 무료', 'http://tong.visitkorea.or.kr/cms/resource/38/3575838_image2_1.jpg', 'http://tong.visitkorea.or.kr/cms/resource/38/3575838_image3_1.jpg'),
  (195, '백양산 웰빙숲', 1, '부산 사상구에 위치한 백양산 웰빙숲은 등산과 산책을 함께 즐길 수 있는 자연 명소입니다. 정상부에서는 부산 시가지와 바다가 한눈에 들어옵니다.', 15, 35.1849381103, 129.0093258839, '부산광역시 사상구 모라동', '상시 개방 · 연중무휴 · 무료 (일몰 후 산행 자제)', 'http://tong.visitkorea.or.kr/cms/resource/04/3575804_image2_1.jpg', 'http://tong.visitkorea.or.kr/cms/resource/04/3575804_image3_1.jpg'),
  (196, '금정산', 1, '금정산은 부산 금정구의 산림 명소입니다. 도심에서 가까우면서도 숲길과 능선을 따라 걷는 즐거움이 있는 곳입니다.', 11, 35.268448978, 129.0518587773, '부산광역시 금정구 금성동', '상시 개방 · 연중무휴 · 무료 (일몰 후 산행 자제)', 'http://tong.visitkorea.or.kr/cms/resource/44/3575744_image2_1.jpg', 'http://tong.visitkorea.or.kr/cms/resource/44/3575744_image3_1.jpg'),
  (197, '금강사(부산)', 1, '부산 동래구의 금강사(부산)은 오랜 시간 자리를 지켜 온 종교 유적입니다. 법회와 행사 일정에 따라 분위기가 달라집니다.', 6, 35.2250098725, 129.0771855435, '부산광역시 동래구 우장춘로 211 (온천동)', '일출~일몰 · 연중무휴 · 무료', 'http://tong.visitkorea.or.kr/cms/resource/14/3561514_image2_1.jpg', 'http://tong.visitkorea.or.kr/cms/resource/14/3561514_image3_1.jpg'),
  (198, '소림사(부산)', 1, '소림사(부산)은 부산 동구에 자리한 전통 사찰입니다. 고요한 경내와 주변 자연이 어우러져 차분한 시간을 보낼 수 있습니다.', 3, 35.1177378193, 129.0373336157, '부산광역시 동구 초량상로65번길 7 (초량동)', '일출~일몰 · 연중무휴 · 무료', 'http://tong.visitkorea.or.kr/cms/resource/09/3561509_image2_1.jpg', 'http://tong.visitkorea.or.kr/cms/resource/09/3561509_image3_1.jpg'),
  (199, '금수사(부산)', 1, '부산 동구의 금수사(부산)은 오랜 시간 자리를 지켜 온 종교 유적입니다. 법회와 행사 일정에 따라 분위기가 달라집니다.', 3, 35.1204207111, 129.029678653, '부산광역시 동구 망양로 533-1 (초량동)', '일출~일몰 · 연중무휴 · 무료', 'http://tong.visitkorea.or.kr/cms/resource/04/3561504_image2_1.jpg', 'http://tong.visitkorea.or.kr/cms/resource/04/3561504_image3_1.jpg'),
  (200, '홍법사(부산)', 1, '홍법사(부산)은 부산 금정구에 자리한 전통 사찰입니다. 고요한 경내와 주변 자연이 어우러져 차분한 시간을 보낼 수 있습니다.', 11, 35.3040405268, 129.111010976, '부산광역시 금정구 두구로33번길 202 (두구동)', '일출~일몰 · 연중무휴 · 무료', 'http://tong.visitkorea.or.kr/cms/resource/87/3561487_image2_1.jpg', 'http://tong.visitkorea.or.kr/cms/resource/87/3561487_image3_1.jpg');

INSERT INTO `place` (`id`, `name`, `type_id`, `description`, `district_id`, `latitude`, `longitude`, `address`, `operating_info`, `image_url_1`, `image_url_2`) VALUES
  (201, '범어사(부산)', 1, '부산 금정구의 범어사(부산)은 오랜 시간 자리를 지켜 온 종교 유적입니다. 법회와 행사 일정에 따라 분위기가 달라집니다.', 11, 35.2838698116, 129.0702734147, '부산광역시 금정구 범어사로 250 (청룡동)', '일출~일몰 · 연중무휴 · 무료', 'http://tong.visitkorea.or.kr/cms/resource/92/3561492_image2_1.jpg', 'http://tong.visitkorea.or.kr/cms/resource/92/3561492_image3_1.jpg'),
  (202, '금정산성마을 먹거리촌', 1, '금정산성마을 먹거리촌은 부산 금정구의 개성 있는 거리입니다. 카페와 상점, 골목 풍경이 어우러져 걸으며 둘러보는 재미가 있습니다.', 11, 35.2513870387, 129.0538229642, '부산광역시 금정구 금성동', '상시 개방 · 점포별 운영 시간 상이', 'http://tong.visitkorea.or.kr/cms/resource/82/3561482_image2_1.jpg', 'http://tong.visitkorea.or.kr/cms/resource/82/3561482_image3_1.jpg'),
  (203, '롯데월드 어드벤처 부산', 1, '부산 기장군의 롯데월드 어드벤처 부산은 놀이와 체험 시설을 갖춘 공간입니다. 시즌별 프로그램과 이용 요금은 사전에 확인하는 것이 좋습니다.', 16, 35.1960684107, 129.212999524, '부산광역시 기장군 동부산관광로 42', '10:00~20:00 · 연중무휴 · 유료', 'http://tong.visitkorea.or.kr/cms/resource/21/2815721_image2_1.jpg', 'http://tong.visitkorea.or.kr/cms/resource/21/2815721_image3_1.jpg'),
  (204, '남부산교회', 1, '남부산교회는 부산 부산진구에 자리한 전통 사찰입니다. 고요한 경내와 주변 자연이 어우러져 차분한 시간을 보낼 수 있습니다.', 5, 35.1523762699, 129.0732462115, '부산광역시 부산진구 진남로 300 남부산교회', '일출~일몰 · 연중무휴 · 무료', 'http://tong.visitkorea.or.kr/cms/resource/00/2947000_image2_1.jpg', 'http://tong.visitkorea.or.kr/cms/resource/00/2947000_image3_1.jpg'),
  (205, '부산 영화의 거리', 1, '부산 해운대구에 위치한 부산 영화의 거리는 지역 특유의 분위기가 살아 있는 거리입니다. 골목마다 다른 가게와 풍경이 이어집니다.', 9, 35.1549495207, 129.1444371716, '부산광역시 해운대구 마린시티1로 91 (우동, 마린시티두산위브포세이돈)', '상시 개방 · 점포별 운영 시간 상이', 'http://tong.visitkorea.or.kr/cms/resource/43/2947043_image2_1.jpg', 'http://tong.visitkorea.or.kr/cms/resource/43/2947043_image3_1.jpg'),
  (206, '옥정사', 1, '옥정사는 부산 기장군에 자리한 전통 사찰입니다. 고요한 경내와 주변 자연이 어우러져 차분한 시간을 보낼 수 있습니다.', 16, 35.3112806782, 129.2225232855, '부산광역시 기장군 일광면 달음길 101', '일출~일몰 · 연중무휴 · 무료', 'http://tong.visitkorea.or.kr/cms/resource/02/3561302_image2_1.jpg', 'http://tong.visitkorea.or.kr/cms/resource/02/3561302_image3_1.jpg'),
  (207, '해광사', 1, '부산 기장군의 해광사는 오랜 시간 자리를 지켜 온 종교 유적입니다. 법회와 행사 일정에 따라 분위기가 달라집니다.', 16, 35.2055759171, 129.22576204, '부산광역시 기장군 기장읍 기장해안로 340', '일출~일몰 · 연중무휴 · 무료', 'http://tong.visitkorea.or.kr/cms/resource/91/3561291_image2_1.jpg', 'http://tong.visitkorea.or.kr/cms/resource/91/3561291_image3_1.jpg'),
  (208, '해동성취사', 1, '해동성취사는 부산 기장군에 자리한 전통 사찰입니다. 고요한 경내와 주변 자연이 어우러져 차분한 시간을 보낼 수 있습니다.', 16, 35.338625818, 129.2752373809, '부산광역시 기장군 장안읍 고무로 207-4', '일출~일몰 · 연중무휴 · 무료', 'http://tong.visitkorea.or.kr/cms/resource/73/3561273_image2_1.jpg', 'http://tong.visitkorea.or.kr/cms/resource/73/3561273_image3_1.jpg'),
  (209, '월명사(부산)', 1, '부산 기장군의 월명사(부산)은 오랜 시간 자리를 지켜 온 종교 유적입니다. 법회와 행사 일정에 따라 분위기가 달라집니다.', 16, 35.269243617, 129.2167499529, '부산광역시 기장군 일광면 참샘길 124', '일출~일몰 · 연중무휴 · 무료', 'http://tong.visitkorea.or.kr/cms/resource/89/3561189_image2_1.jpg', 'http://tong.visitkorea.or.kr/cms/resource/89/3561189_image3_1.jpg'),
  (210, '안적사(부산)', 1, '안적사(부산)은 부산 기장군에 자리한 전통 사찰입니다. 고요한 경내와 주변 자연이 어우러져 차분한 시간을 보낼 수 있습니다.', 16, 35.2142766822, 129.169888882, '부산광역시 기장군 기장읍 내리길 461-16', '일출~일몰 · 연중무휴 · 무료', 'http://tong.visitkorea.or.kr/cms/resource/81/3561181_image2_1.jpg', 'http://tong.visitkorea.or.kr/cms/resource/81/3561181_image3_1.jpg'),
  (211, '주식회사뷰티홀릭', 1, '부산 수영구의 주식회사뷰티홀릭은 스파와 휴식 프로그램을 함께 즐길 수 있는 공간입니다. 방문 전 이용 요금과 운영 시간을 확인하는 것이 좋습니다.', 14, 35.1579180661, 129.1138175312, '부산광역시 수영구 광안로7번길 17 (광안동, 세종 엠스테이3차) 제1층 107호', '09:00~22:00 · 연중무휴 · 유료', NULL, NULL),
  (212, '부산 중앙공원', 1, '부산 중앙공원은 부산 서구의 도심 공원입니다. 산책로와 휴식 공간이 잘 갖춰져 있어 일상 가까이에서 여유를 찾을 수 있습니다.', 2, 35.1121438284, 129.027954028, '부산광역시 서구 망양로193번길 187 (동대신동2가)', '상시 개방 · 연중무휴 · 무료', 'http://tong.visitkorea.or.kr/cms/resource/87/2754987_image2_1.jpg', 'http://tong.visitkorea.or.kr/cms/resource/87/2754987_image3_1.jpg'),
  (213, '전포 삼거리', 1, '부산 부산진구에 위치한 전포 삼거리는 지역 특유의 분위기가 살아 있는 거리입니다. 골목마다 다른 가게와 풍경이 이어집니다.', 5, 35.1536149962, 129.071940736, '부산광역시 부산진구 진남로 320 (전포동)', '상시 개방 · 점포별 운영 시간 상이', 'http://tong.visitkorea.or.kr/cms/resource/22/2947122_image2_1.jpg', 'http://tong.visitkorea.or.kr/cms/resource/22/2947122_image3_1.jpg'),
  (214, '운수사(부산)', 1, '운수사(부산)은 부산 사상구에 자리한 전통 사찰입니다. 고요한 경내와 주변 자연이 어우러져 차분한 시간을 보낼 수 있습니다.', 15, 35.183582782, 129.0134338969, '부산광역시 사상구 모라로219번길 173 (모라동)', '일출~일몰 · 연중무휴 · 무료', 'http://tong.visitkorea.or.kr/cms/resource/72/3342872_image2_1.jpg', 'http://tong.visitkorea.or.kr/cms/resource/72/3342872_image3_1.jpg'),
  (215, '깡깡이 예술마을', 1, '부산 영도구에 위치한 깡깡이 예술마을은 지역 특유의 분위기가 살아 있는 거리입니다. 골목마다 다른 가게와 풍경이 이어집니다.', 4, 35.0932043968, 129.0342206663, '부산광역시 영도구 대평북로 36', '상시 개방 · 점포별 운영 시간 상이', 'http://tong.visitkorea.or.kr/cms/resource/26/2672726_image2_1.jpg', 'http://tong.visitkorea.or.kr/cms/resource/26/2672726_image3_1.jpg'),
  (216, '부산영화체험박물관', 1, '부산영화체험박물관은 부산 중구에 자리한 문화·교육 체험 공간입니다. 전시와 참여형 프로그램이 함께 운영되어 배우며 즐기기 좋습니다.', 1, 35.1017589855, 129.0336899238, '부산광역시 중구 대청로126번길 12 (동광동3가)', '10:00~18:00 · 매주 월요일 휴관 · 프로그램별 요금 상이', 'http://tong.visitkorea.or.kr/cms/resource/19/3539019_image2_1.jpg', 'http://tong.visitkorea.or.kr/cms/resource/19/3539019_image3_1.jpg'),
  (217, '부산 송도해상케이블카', 1, '부산 서구에 위치한 부산 송도해상케이블카는 독특한 테마와 체험 요소로 알려진 곳입니다. 일정 중 색다른 시간을 보내고 싶을 때 들르기 좋습니다.', 2, 35.0766810472, 129.0234248332, '부산광역시 서구 송도해변로 171', '10:00~19:00 · 연중무휴 · 유료', 'http://tong.visitkorea.or.kr/cms/resource/11/3413711_image2_1.jpg', 'http://tong.visitkorea.or.kr/cms/resource/11/3413711_image3_1.jpg'),
  (218, '부산 영화의 전당', 1, '부산 영화의 전당은 부산 해운대구에 자리한 문화·교육 체험 공간입니다. 전시와 참여형 프로그램이 함께 운영되어 배우며 즐기기 좋습니다.', 9, 35.170794647, 129.1270576924, '부산광역시 해운대구 수영강변대로 120', '10:00~18:00 · 매주 월요일 휴관 · 프로그램별 요금 상이', 'http://tong.visitkorea.or.kr/cms/resource/52/3035052_image2_1.jpg', 'http://tong.visitkorea.or.kr/cms/resource/52/3035052_image3_1.jpg'),
  (219, '태종대온천찜질방', 1, '부산 영도구의 태종대온천찜질방은 스파와 휴식 프로그램을 함께 즐길 수 있는 공간입니다. 방문 전 이용 요금과 운영 시간을 확인하는 것이 좋습니다.', 4, 35.0645889744, 129.0787786847, '부산광역시 영도구 태종로 808', '09:00~22:00 · 연중무휴 · 유료', 'http://tong.visitkorea.or.kr/cms/resource/85/3547085_image2_1.jpg', 'http://tong.visitkorea.or.kr/cms/resource/85/3547085_image3_1.jpg'),
  (220, '선암사(부산)', 1, '선암사(부산)은 부산 부산진구에 자리한 전통 사찰입니다. 고요한 경내와 주변 자연이 어우러져 차분한 시간을 보낼 수 있습니다.', 5, 35.1768587956, 129.0275328529, '부산광역시 부산진구 백양산로 138', '일출~일몰 · 연중무휴 · 무료', 'http://tong.visitkorea.or.kr/cms/resource/36/3552636_image2_1.jpg', 'http://tong.visitkorea.or.kr/cms/resource/36/3552636_image3_1.jpg'),
  (221, '부산대교', 1, '부산 영도구에 위치한 부산대교에서는 부산의 풍경을 한눈에 조망할 수 있습니다. 해 질 무렵 방문하면 야경까지 함께 즐길 수 있습니다.', 4, 35.0945765502, 129.0388146742, '부산광역시 영도구 봉래나루로 79 (봉래동1가)', '상시 개방 · 연중무휴 · 무료', 'http://tong.visitkorea.or.kr/cms/resource/75/3031875_image2_1.JPG', 'http://tong.visitkorea.or.kr/cms/resource/75/3031875_image3_1.JPG'),
  (222, '미술의거리', 1, '미술의거리는 부산 중구의 개성 있는 거리입니다. 카페와 상점, 골목 풍경이 어우러져 걸으며 둘러보는 재미가 있습니다.', 1, 35.1006395595, 129.0279265666, '부산광역시 중구 신창동4가', '상시 개방 · 점포별 운영 시간 상이', 'http://tong.visitkorea.or.kr/cms/resource/89/3552989_image2_1.jpg', 'http://tong.visitkorea.or.kr/cms/resource/89/3552989_image3_1.jpg'),
  (223, '보광사(부산)', 1, '부산 동구의 보광사(부산)은 오랜 시간 자리를 지켜 온 종교 유적입니다. 법회와 행사 일정에 따라 분위기가 달라집니다.', 3, 35.1408826262, 129.0468821528, '부산광역시 동구 범상로1번길 35', '일출~일몰 · 연중무휴 · 무료', 'http://tong.visitkorea.or.kr/cms/resource/04/3552504_image2_1.jpg', 'http://tong.visitkorea.or.kr/cms/resource/04/3552504_image3_1.jpg'),
  (224, '부산진일신여학교', 1, '부산진일신여학교는 부산 동구에 자리한 전통 사찰입니다. 고요한 경내와 주변 자연이 어우러져 차분한 시간을 보낼 수 있습니다.', 3, 35.1350389475, 129.0529067885, '부산광역시 동구 정공단로17번길 17 (좌천동)', '일출~일몰 · 연중무휴 · 무료', 'http://tong.visitkorea.or.kr/cms/resource/71/3552471_image2_1.jpg', 'http://tong.visitkorea.or.kr/cms/resource/71/3552471_image3_1.jpg'),
  (225, '태종사', 1, '부산 영도구의 태종사는 오랜 시간 자리를 지켜 온 종교 유적입니다. 법회와 행사 일정에 따라 분위기가 달라집니다.', 4, 35.0560095813, 129.0897751849, '부산광역시 영도구 전망로 119', '일출~일몰 · 연중무휴 · 무료', 'http://tong.visitkorea.or.kr/cms/resource/87/3552687_image2_1.jpg', 'http://tong.visitkorea.or.kr/cms/resource/87/3552687_image3_1.jpg'),
  (226, '가톨릭 특성화 거리', 1, '가톨릭 특성화 거리는 부산 금정구의 개성 있는 거리입니다. 카페와 상점, 골목 풍경이 어우러져 걸으며 둘러보는 재미가 있습니다.', 11, 35.2434553947, 129.097038863, '부산광역시 금정구 부곡동', '상시 개방 · 점포별 운영 시간 상이', 'http://tong.visitkorea.or.kr/cms/resource/44/3552344_image2_1.jpg', 'http://tong.visitkorea.or.kr/cms/resource/44/3552344_image3_1.jpg'),
  (227, '해운대 블루라인파크', 1, '부산 해운대구의 해운대 블루라인파크는 놀이와 체험 시설을 갖춘 공간입니다. 시즌별 프로그램과 이용 요금은 사전에 확인하는 것이 좋습니다.', 9, 35.1612857933, 129.1914273569, '부산광역시 해운대구 청사포로 116 (중동)', '10:00~20:00 · 연중무휴 · 유료', 'http://tong.visitkorea.or.kr/cms/resource/99/3546099_image2_1.jpg', 'http://tong.visitkorea.or.kr/cms/resource/99/3546099_image3_1.jpg'),
  (228, '땅뫼산', 1, '땅뫼산은 부산 금정구의 산림 명소입니다. 도심에서 가까우면서도 숲길과 능선을 따라 걷는 즐거움이 있는 곳입니다.', 11, 35.2472747896, 129.1174425369, '부산광역시 금정구 오륜대로 260-1', '상시 개방 · 연중무휴 · 무료 (일몰 후 산행 자제)', 'http://tong.visitkorea.or.kr/cms/resource/30/3552430_image2_1.jpg', 'http://tong.visitkorea.or.kr/cms/resource/30/3552430_image3_1.jpg'),
  (229, '범일 이중섭거리', 1, '부산 동구에 위치한 범일 이중섭거리는 지역 특유의 분위기가 살아 있는 거리입니다. 골목마다 다른 가게와 풍경이 이어집니다.', 3, 35.1403327856, 129.0521955945, '부산광역시 동구 범일동', '상시 개방 · 점포별 운영 시간 상이', 'http://tong.visitkorea.or.kr/cms/resource/71/3552571_image2_1.jpg', 'http://tong.visitkorea.or.kr/cms/resource/71/3552571_image3_1.jpg'),
  (230, '더베이101', 1, '더베이101은 부산 해운대구의 전망 명소입니다. 도시와 바다가 함께 담기는 시야 덕분에 사진 촬영지로도 인기가 많습니다.', 9, 35.1566216976, 129.152097571, '부산광역시 해운대구 동백로 52', '상시 개방 · 연중무휴 · 무료', 'http://tong.visitkorea.or.kr/cms/resource/41/3407941_image2_1.png', 'http://tong.visitkorea.or.kr/cms/resource/41/3407941_image3_1.png'),
  (231, '송도마을', 1, '부산 서구에 위치한 송도마을은 지역 특유의 분위기가 살아 있는 거리입니다. 골목마다 다른 가게와 풍경이 이어집니다.', 2, 35.0789056952, 129.0178502571, '부산광역시 서구 충무대로 47 (암남동)', '상시 개방 · 점포별 운영 시간 상이', 'http://tong.visitkorea.or.kr/cms/resource/87/3476787_image2_1.jpg', 'http://tong.visitkorea.or.kr/cms/resource/87/3476787_image3_1.jpg'),
  (232, '기장향교', 1, '기장향교는 부산 기장군에 남아 있는 역사 유적입니다. 부산이 지나온 시간의 흔적을 현장에서 직접 확인할 수 있습니다.', 16, 35.2578421006, 129.2158836772, '부산광역시 기장군 기장읍 차성로417번길 35', '09:00~18:00 · 매주 월요일 휴관 · 무료', 'http://tong.visitkorea.or.kr/cms/resource/38/3534938_image2_1.png', 'http://tong.visitkorea.or.kr/cms/resource/38/3534938_image3_1.png'),
  (233, '주식회사감천아울', 1, '부산 사하구에 위치한 주식회사감천아울은 독특한 테마와 체험 요소로 알려진 곳입니다. 일정 중 색다른 시간을 보내고 싶을 때 들르기 좋습니다.', 10, 35.0934316812, 129.0087950933, '부산광역시 사하구 옥천로75번안길 10 (감천동, 제일아파트) 지하층', '10:00~19:00 · 연중무휴 · 유료', NULL, NULL),
  (234, '주식회사어반힐링', 1, '주식회사어반힐링은 부산 사하구에 있는 이색 테마 체험 공간입니다. 다른 곳에서 보기 어려운 콘텐츠로 방문객의 발길을 끄는 장소입니다.', 10, 35.1118315978, 128.9651983858, '부산광역시 사하구 낙동대로 534 (하단동)', '10:00~19:00 · 연중무휴 · 유료', NULL, NULL),
  (235, '주식회사피알아이피', 1, '부산 수영구에 위치한 주식회사피알아이피는 독특한 테마와 체험 요소로 알려진 곳입니다. 일정 중 색다른 시간을 보내고 싶을 때 들르기 좋습니다.', 14, 35.1429140892, 129.1083545281, '부산광역시 수영구 수영로 409 (남천동) 4층', '10:00~19:00 · 연중무휴 · 유료', NULL, NULL),
  (236, '키자니아 부산', 1, '키자니아 부산은 부산 해운대구에 있는 이색 테마 체험 공간입니다. 다른 곳에서 보기 어려운 콘텐츠로 방문객의 발길을 끄는 장소입니다.', 9, 35.1699003261, 129.1283187187, '부산광역시 해운대구 센텀4로 15 센텀시티 몰', '10:00~19:00 · 연중무휴 · 유료', 'http://tong.visitkorea.or.kr/cms/resource/33/3526933_image2_1.jpg', 'http://tong.visitkorea.or.kr/cms/resource/33/3526933_image3_1.jpg'),
  (237, '황령산 전망대', 1, '부산 남구에 위치한 황령산 전망대에서는 부산의 풍경을 한눈에 조망할 수 있습니다. 해 질 무렵 방문하면 야경까지 함께 즐길 수 있습니다.', 7, 35.1579341561, 129.0827285679, '부산광역시 남구 황령산로 391-39 (대연동)', '상시 개방 · 연중무휴 · 무료', NULL, NULL),
  (238, '해운대 그린레일웨이 (미포~송정 구간)', 1, '해운대 그린레일웨이 (미포~송정 구간)은 부산 해운대구를 따라 이어지는 산책 코스입니다. 부담 없는 거리와 풍경 덕분에 산책과 러닝 모두에 적합합니다.', 9, 35.1612857933, 129.1914273569, '부산광역시 해운대구 청사포로 116 (중동)', '상시 개방 · 연중무휴 · 무료', 'http://tong.visitkorea.or.kr/cms/resource/37/2822337_image2_1.png', 'http://tong.visitkorea.or.kr/cms/resource/37/2822337_image3_1.png'),
  (239, '낙동강하구 (부산 국가지질공원)', 1, '부산 사하구에 자리한 낙동강하구 (부산 국가지질공원)은 바다와 맞닿은 경관으로 사랑받는 곳입니다. 일출과 일몰 무렵의 풍경이 특히 인상적입니다.', 10, 35.104551505, 128.9460085869, '부산광역시 사하구 낙동남로 1240 (하단동)', '상시 개방 · 연중무휴 · 무료', 'http://tong.visitkorea.or.kr/cms/resource/37/3029337_image2_1.jpg', 'http://tong.visitkorea.or.kr/cms/resource/37/3029337_image3_1.jpg'),
  (240, '민주공원', 1, '민주공원은 부산 중구의 도심 공원입니다. 산책로와 휴식 공간이 잘 갖춰져 있어 일상 가까이에서 여유를 찾을 수 있습니다.', 1, 35.1093802515, 129.0281096457, '부산광역시 중구 민주공원길 19 (영주동)', '상시 개방 · 연중무휴 · 무료', 'http://tong.visitkorea.or.kr/cms/resource/47/3498447_image2_1.jpg', 'http://tong.visitkorea.or.kr/cms/resource/47/3498447_image3_1.jpg'),
  (241, '부산기후변화체험교육관', 1, '부산 북구의 부산기후변화체험교육관에서는 다양한 주제의 체험과 전시를 만날 수 있습니다. 프로그램에 따라 사전 예약이 필요할 수 있습니다.', 8, 35.2329549282, 129.0081635592, '부산광역시 북구 학사로 118 (화명동)', '10:00~18:00 · 매주 월요일 휴관 · 프로그램별 요금 상이', 'http://tong.visitkorea.or.kr/cms/resource/07/3442507_image2_1.jpeg', 'http://tong.visitkorea.or.kr/cms/resource/07/3442507_image3_1.jpeg'),
  (242, '다대포 꿈의 낙조분수', 1, '다대포 꿈의 낙조분수는 부산 사하구의 전망 명소입니다. 도시와 바다가 함께 담기는 시야 덕분에 사진 촬영지로도 인기가 많습니다.', 10, 35.0463945293, 128.9680471374, '부산광역시 사하구 몰운대1길 14 (다대동)', '상시 개방 · 연중무휴 · 무료', 'http://tong.visitkorea.or.kr/cms/resource/08/3506208_image2_1.jpg', 'http://tong.visitkorea.or.kr/cms/resource/08/3506208_image3_1.jpg'),
  (243, '대천공원', 1, '부산 해운대구에 자리한 대천공원은 시민과 여행자가 함께 찾는 휴식 공간입니다. 계절에 따라 다른 분위기를 만날 수 있습니다.', 9, 35.1813775511, 129.1678566312, '부산광역시 해운대구 장산로 331-18 (좌동)', '상시 개방 · 연중무휴 · 무료', 'http://tong.visitkorea.or.kr/cms/resource/42/2875842_image2_1.JPG', 'http://tong.visitkorea.or.kr/cms/resource/42/2875842_image3_1.JPG'),
  (244, '달맞이동산', 1, '달맞이동산은 부산 해운대구의 도심 공원입니다. 산책로와 휴식 공간이 잘 갖춰져 있어 일상 가까이에서 여유를 찾을 수 있습니다.', 9, 35.1571305311, 129.1821532774, '부산광역시 해운대구 달맞이길 184 (중동)', '상시 개방 · 연중무휴 · 무료', 'http://tong.visitkorea.or.kr/cms/resource/24/2875824_image2_1.JPG', 'http://tong.visitkorea.or.kr/cms/resource/24/2875824_image3_1.JPG'),
  (245, '화명수목원', 1, '부산 북구의 화명수목원은 자연 학습과 휴식을 함께할 수 있는 공원입니다. 가족 단위 나들이 장소로 자주 찾는 곳입니다.', 8, 35.2510535364, 129.0426767218, '부산광역시 북구 산성로 299 (화명동)', '상시 개방 · 연중무휴 · 무료', 'http://tong.visitkorea.or.kr/cms/resource/41/3497041_image2_1.jpg', 'http://tong.visitkorea.or.kr/cms/resource/41/3497041_image3_1.jpg'),
  (246, '녹산고향동산', 1, '녹산고향동산은 부산 강서구의 도심 공원입니다. 산책로와 휴식 공간이 잘 갖춰져 있어 일상 가까이에서 여유를 찾을 수 있습니다.', 12, 35.154317052, 128.8860013488, '부산광역시 강서구 범방4로 132', '상시 개방 · 연중무휴 · 무료', 'http://tong.visitkorea.or.kr/cms/resource/14/2867914_image2_1.JPG', 'http://tong.visitkorea.or.kr/cms/resource/14/2867914_image3_1.JPG'),
  (247, '통일아시아드 공원', 1, '부산 사하구에 자리한 통일아시아드 공원은 시민과 여행자가 함께 찾는 휴식 공간입니다. 계절에 따라 다른 분위기를 만날 수 있습니다.', 10, 35.0594543994, 128.9800346295, '부산광역시 사하구 다대동 1585', '상시 개방 · 연중무휴 · 무료', 'http://tong.visitkorea.or.kr/cms/resource/50/2867550_image2_1.JPG', 'http://tong.visitkorea.or.kr/cms/resource/50/2867550_image3_1.JPG'),
  (248, 'F1963', 1, 'F1963은 부산 수영구에 자리한 문화·교육 체험 공간입니다. 전시와 참여형 프로그램이 함께 운영되어 배우며 즐기기 좋습니다.', 14, 35.1767854293, 129.1155140878, '부산광역시 수영구 구락로123번길 20', '10:00~18:00 · 매주 월요일 휴관 · 프로그램별 요금 상이', 'http://tong.visitkorea.or.kr/cms/resource/61/3350961_image2_1.jpg', 'http://tong.visitkorea.or.kr/cms/resource/61/3350961_image3_1.jpg'),
  (249, '남선창고터', 1, '부산 동구의 남선창고터는 지역의 역사를 간직한 장소입니다. 안내판과 해설을 따라 둘러보면 그 배경을 더 깊이 이해할 수 있습니다.', 3, 35.1167962983, 129.0395112298, '부산광역시 동구 초량로13번길 53 (초량동)', '09:00~18:00 · 매주 월요일 휴관 · 무료', 'http://tong.visitkorea.or.kr/cms/resource/79/3070879_image2_1.JPG', 'http://tong.visitkorea.or.kr/cms/resource/79/3070879_image3_1.JPG'),
  (250, '남도해양열차 에스트레인(S-train)', 1, '남도해양열차 에스트레인(S-train)은 부산 동구에 있는 이색 테마 체험 공간입니다. 다른 곳에서 보기 어려운 콘텐츠로 방문객의 발길을 끄는 장소입니다.', 3, 35.1152715223, 129.0424332391, '부산광역시 동구 중앙대로 206', '10:00~19:00 · 연중무휴 · 유료', 'http://tong.visitkorea.or.kr/cms/resource/78/3070878_image2_1.JPG', 'http://tong.visitkorea.or.kr/cms/resource/78/3070878_image3_1.JPG');

INSERT INTO `place` (`id`, `name`, `type_id`, `description`, `district_id`, `latitude`, `longitude`, `address`, `operating_info`, `image_url_1`, `image_url_2`) VALUES
  (251, '성암사(부산)', 1, '부산 남구의 성암사(부산)은 오랜 시간 자리를 지켜 온 종교 유적입니다. 법회와 행사 일정에 따라 분위기가 달라집니다.', 7, 35.1456799238, 129.0800957995, '부산광역시 남구 진남로210번길 58-15 (문현동)', '일출~일몰 · 연중무휴 · 무료', 'http://tong.visitkorea.or.kr/cms/resource/32/3070632_image2_1.JPG', 'http://tong.visitkorea.or.kr/cms/resource/32/3070632_image3_1.JPG'),
  (252, '금강식물원', 1, '금강식물원은 부산 금정구에 조성된 생태 공원입니다. 계절마다 바뀌는 식생과 산책로가 어우러져 가볍게 걷기 좋습니다.', 11, 35.2264763727, 129.077063292, '부산광역시 금정구 장전동 산 43-1', '상시 개방 · 연중무휴 · 무료', 'http://tong.visitkorea.or.kr/cms/resource/04/3070504_image2_1.JPG', 'http://tong.visitkorea.or.kr/cms/resource/04/3070504_image3_1.JPG'),
  (253, '광안리해변 테마거리', 1, '부산 수영구에 위치한 광안리해변 테마거리는 지역 특유의 분위기가 살아 있는 거리입니다. 골목마다 다른 가게와 풍경이 이어집니다.', 14, 35.1551657503, 129.1221363273, '부산광역시 수영구 민락동 (민락동)', '상시 개방 · 점포별 운영 시간 상이', 'http://tong.visitkorea.or.kr/cms/resource/42/3071042_image2_1.JPG', 'http://tong.visitkorea.or.kr/cms/resource/42/3071042_image3_1.JPG'),
  (254, '부산동명불원', 1, '부산동명불원은 부산 남구에 자리한 전통 사찰입니다. 고요한 경내와 주변 자연이 어우러져 차분한 시간을 보낼 수 있습니다.', 7, 35.1189694636, 129.1038166893, '부산광역시 남구 동명로 57 (용당동)', '일출~일몰 · 연중무휴 · 무료', 'http://tong.visitkorea.or.kr/cms/resource/69/3070669_image2_1.JPG', 'http://tong.visitkorea.or.kr/cms/resource/69/3070669_image3_1.JPG'),
  (255, '죽도공원', 1, '부산 해운대구에 자리한 죽도공원은 시민과 여행자가 함께 찾는 휴식 공간입니다. 계절에 따라 다른 분위기를 만날 수 있습니다.', 9, 35.1799561988, 129.206133898, '부산광역시 해운대구 송정해변로 1-23', '상시 개방 · 연중무휴 · 무료', 'http://tong.visitkorea.or.kr/cms/resource/88/3019388_image2_1.JPG', 'http://tong.visitkorea.or.kr/cms/resource/88/3019388_image3_1.JPG'),
  (256, '삼진어묵 체험·역사과학관', 1, '삼진어묵 체험·역사과학관은 부산 영도구에 자리한 문화·교육 체험 공간입니다. 전시와 참여형 프로그램이 함께 운영되어 배우며 즐기기 좋습니다.', 4, 35.0928101531, 129.0427254928, '부산광역시 영도구 절영로7번길 41-1 (봉래동2가)', '10:00~18:00 · 매주 월요일 휴관 · 프로그램별 요금 상이', 'http://tong.visitkorea.or.kr/cms/resource/64/3399264_image2_1.jpg', 'http://tong.visitkorea.or.kr/cms/resource/64/3399264_image3_1.jpg'),
  (257, '물빛색스튜디오', 1, '부산 강서구에 위치한 물빛색스튜디오는 독특한 테마와 체험 요소로 알려진 곳입니다. 일정 중 색다른 시간을 보내고 싶을 때 들르기 좋습니다.', 12, 35.2093737159, 128.979783344, '부산광역시 강서구 체육공원로6번길 139-28 (대저1동)', '10:00~19:00 · 연중무휴 · 유료', 'http://tong.visitkorea.or.kr/cms/resource/64/3491264_image2_1.jpg', 'http://tong.visitkorea.or.kr/cms/resource/64/3491264_image3_1.jpg'),
  (258, '법륜사(부산)', 1, '법륜사(부산)은 부산 동래구에 자리한 전통 사찰입니다. 고요한 경내와 주변 자연이 어우러져 차분한 시간을 보낼 수 있습니다.', 6, 35.2036235793, 129.0879435276, '부산광역시 동래구 동래로 160 (칠산동)', '일출~일몰 · 연중무휴 · 무료', 'http://tong.visitkorea.or.kr/cms/resource/97/3081197_image2_1.JPG', 'http://tong.visitkorea.or.kr/cms/resource/97/3081197_image3_1.JPG'),
  (259, '용호별빛공원', 1, '부산 남구에 자리한 용호별빛공원은 시민과 여행자가 함께 찾는 휴식 공간입니다. 계절에 따라 다른 분위기를 만날 수 있습니다.', 7, 35.1322571676, 129.1201732372, '부산광역시 남구 분포로 66-40', '상시 개방 · 연중무휴 · 무료', 'http://tong.visitkorea.or.kr/cms/resource/33/2822233_image2_1.jpg', 'http://tong.visitkorea.or.kr/cms/resource/33/2822233_image3_1.jpg'),
  (260, '승학산', 1, '승학산은 부산 사하구의 산림 명소입니다. 도심에서 가까우면서도 숲길과 능선을 따라 걷는 즐거움이 있는 곳입니다.', 10, 35.1310381466, 128.9851266839, '부산광역시 사하구 하단동', '상시 개방 · 연중무휴 · 무료 (일몰 후 산행 자제)', 'http://tong.visitkorea.or.kr/cms/resource/46/3029246_image2_1.jpg', 'http://tong.visitkorea.or.kr/cms/resource/46/3029246_image3_1.jpg'),
  (261, '부산 복천동 고분군', 1, '부산 동래구의 부산 복천동 고분군은 지역의 역사를 간직한 장소입니다. 안내판과 해설을 따라 둘러보면 그 배경을 더 깊이 이해할 수 있습니다.', 6, 35.2068732659, 129.0906820891, '부산광역시 동래구 복천로 66', '09:00~18:00 · 매주 월요일 휴관 · 무료', 'http://tong.visitkorea.or.kr/cms/resource/94/3083494_image2_1.JPG', 'http://tong.visitkorea.or.kr/cms/resource/94/3083494_image3_1.JPG'),
  (262, '관수옥과 초량왜관 터', 1, '관수옥과 초량왜관 터는 부산 중구에 남아 있는 역사 유적입니다. 부산이 지나온 시간의 흔적을 현장에서 직접 확인할 수 있습니다.', 1, 35.1005396593, 129.0327483723, '부산광역시 중구 용두산길 37-55 (광복동2가)', '09:00~18:00 · 매주 월요일 휴관 · 무료', 'http://tong.visitkorea.or.kr/cms/resource/24/3049224_image2_1.JPG', 'http://tong.visitkorea.or.kr/cms/resource/24/3049224_image2_1.JPG'),
  (263, '중리노을전망대', 1, '부산 영도구에 위치한 중리노을전망대에서는 부산의 풍경을 한눈에 조망할 수 있습니다. 해 질 무렵 방문하면 야경까지 함께 즐길 수 있습니다.', 4, 35.0692381886, 129.0643270354, '부산광역시 영도구 동삼동 632-3', '상시 개방 · 연중무휴 · 무료', 'http://tong.visitkorea.or.kr/cms/resource/53/3455153_image2_1.jpg', 'http://tong.visitkorea.or.kr/cms/resource/53/3455153_image3_1.jpg'),
  (264, '오륙도해맞이공원', 1, '오륙도해맞이공원은 부산 남구의 도심 공원입니다. 산책로와 휴식 공간이 잘 갖춰져 있어 일상 가까이에서 여유를 찾을 수 있습니다.', 7, 35.1016495355, 129.1230988205, '부산광역시 남구 용호동 950-1', '상시 개방 · 연중무휴 · 무료', NULL, NULL),
  (265, '씨라이프부산아쿠아리움', 1, '부산 해운대구의 씨라이프부산아쿠아리움은 놀이와 체험 시설을 갖춘 공간입니다. 시즌별 프로그램과 이용 요금은 사전에 확인하는 것이 좋습니다.', 9, 35.159196575, 129.1610328343, '부산광역시 해운대구 해운대해변로 266 (중동)', '10:00~20:00 · 연중무휴 · 유료', 'http://tong.visitkorea.or.kr/cms/resource/09/3020609_image2_1.jpg', 'http://tong.visitkorea.or.kr/cms/resource/09/3020609_image3_1.jpg'),
  (266, '해운대리버크루즈', 1, '해운대리버크루즈는 부산 해운대구에 있는 이색 테마 체험 공간입니다. 다른 곳에서 보기 어려운 콘텐츠로 방문객의 발길을 끄는 장소입니다.', 9, 35.1679171964, 129.1273244146, '부산광역시 해운대구 수영강변대로 85 (우동)', '10:00~19:00 · 연중무휴 · 유료', 'http://tong.visitkorea.or.kr/cms/resource/26/3041326_image2_1.JPG', 'http://tong.visitkorea.or.kr/cms/resource/26/3041326_image3_1.JPG'),
  (267, '국제시장 먹자골목', 1, '부산 중구에 위치한 국제시장 먹자골목은 독특한 테마와 체험 요소로 알려진 곳입니다. 일정 중 색다른 시간을 보내고 싶을 때 들르기 좋습니다.', 1, 35.1011311741, 129.0280793175, '부산광역시 중구 중구로 36', '10:00~19:00 · 연중무휴 · 유료', 'http://tong.visitkorea.or.kr/cms/resource/30/3476830_image2_1.jpg', 'http://tong.visitkorea.or.kr/cms/resource/30/3476830_image3_1.jpg'),
  (268, '감천사(부산)', 1, '감천사(부산)은 부산 연제구에 자리한 전통 사찰입니다. 고요한 경내와 주변 자연이 어우러져 차분한 시간을 보낼 수 있습니다.', 13, 35.1833036953, 129.0912632411, '부산광역시 연제구 묘봉산로 40 (연산동)', '일출~일몰 · 연중무휴 · 무료', 'http://tong.visitkorea.or.kr/cms/resource/20/3476820_image2_1.jpg', 'http://tong.visitkorea.or.kr/cms/resource/20/3476820_image3_1.jpg'),
  (269, '청학수변공원', 1, '부산 영도구에 자리한 청학수변공원은 시민과 여행자가 함께 찾는 휴식 공간입니다. 계절에 따라 다른 분위기를 만날 수 있습니다.', 4, 35.0977293865, 129.0611626448, '부산광역시 영도구 청학동 217-43', '상시 개방 · 연중무휴 · 무료', 'http://tong.visitkorea.or.kr/cms/resource/30/3080230_image2_1.JPG', 'http://tong.visitkorea.or.kr/cms/resource/30/3080230_image3_1.JPG'),
  (270, '중앙해수랜드', 1, '중앙해수랜드는 부산 남구에 위치한 휴식·웰니스 공간입니다. 여행 중 지친 몸을 재정비하기 좋은 시설을 갖추고 있습니다.', 7, 35.125627178, 129.1106575793, '부산광역시 남구 용호로 64', '09:00~22:00 · 연중무휴 · 유료', 'http://tong.visitkorea.or.kr/cms/resource/98/3476698_image2_1.jpg', 'http://tong.visitkorea.or.kr/cms/resource/98/3476698_image3_1.jpg'),
  (271, '대천천', 1, '부산 북구에 위치한 대천천은 등산과 산책을 함께 즐길 수 있는 자연 명소입니다. 정상부에서는 부산 시가지와 바다가 한눈에 들어옵니다.', 8, 35.2422290925, 129.019201232, '부산광역시 북구 화명동', '상시 개방 · 연중무휴 · 무료 (일몰 후 산행 자제)', 'http://tong.visitkorea.or.kr/cms/resource/60/3476760_image2_1.jpg', 'http://tong.visitkorea.or.kr/cms/resource/60/3476760_image3_1.jpg'),
  (272, '해운대온천센터', 1, '해운대온천센터는 부산 해운대구에 위치한 휴식·웰니스 공간입니다. 여행 중 지친 몸을 재정비하기 좋은 시설을 갖추고 있습니다.', 9, 35.1634406103, 129.1645768542, '부산광역시 해운대구 중동2로 16 (중동)', '09:00~22:00 · 연중무휴 · 유료', 'http://tong.visitkorea.or.kr/cms/resource/17/3026517_image2_1.JPG', 'http://tong.visitkorea.or.kr/cms/resource/17/3026517_image3_1.JPG'),
  (273, '색채마을', 1, '부산 중구에 위치한 색채마을에서는 어촌·농촌의 생활 문화를 가까이에서 체험할 수 있습니다. 가족 단위 방문객에게 특히 인기가 많은 곳입니다.', 1, 35.1070333171, 129.0294707029, '부산광역시 중구 망양로 327-1 (대청동4가)', '09:00~18:00 · 프로그램별 사전 예약제 · 유료', 'http://tong.visitkorea.or.kr/cms/resource/23/3064923_image2_1.JPG', 'http://tong.visitkorea.or.kr/cms/resource/23/3064923_image3_1.JPG'),
  (274, '자갈치 크루즈', 1, '자갈치 크루즈는 부산 중구에 있는 이색 테마 체험 공간입니다. 다른 곳에서 보기 어려운 콘텐츠로 방문객의 발길을 끄는 장소입니다.', 1, 35.0967261783, 129.0317124553, '부산광역시 중구 자갈치해안로 60 (남포동4가)', '10:00~19:00 · 연중무휴 · 유료', 'http://tong.visitkorea.or.kr/cms/resource/18/3064818_image2_1.JPG', 'http://tong.visitkorea.or.kr/cms/resource/18/3064818_image3_1.JPG'),
  (275, '대각사(부산)', 1, '부산 중구의 대각사(부산)은 오랜 시간 자리를 지켜 온 종교 유적입니다. 법회와 행사 일정에 따라 분위기가 달라집니다.', 1, 35.1010840062, 129.0307152012, '부산광역시 중구 광복중앙로 19 (신창동1가)', '일출~일몰 · 연중무휴 · 무료', 'http://tong.visitkorea.or.kr/cms/resource/39/3049439_image2_1.JPG', 'http://tong.visitkorea.or.kr/cms/resource/39/3049439_image3_1.JPG'),
  (276, '수리조선소길', 1, '수리조선소길은 부산 영도구의 개성 있는 거리입니다. 카페와 상점, 골목 풍경이 어우러져 걸으며 둘러보는 재미가 있습니다.', 4, 35.0923794753, 129.033490197, '부산광역시 영도구 대평로 42 (대평동2가)', '상시 개방 · 점포별 운영 시간 상이', 'http://tong.visitkorea.or.kr/cms/resource/19/3031919_image2_1.JPG', 'http://tong.visitkorea.or.kr/cms/resource/19/3031919_image3_1.JPG'),
  (277, '경상좌수영성지', 1, '부산 수영구의 경상좌수영성지는 지역의 역사를 간직한 장소입니다. 안내판과 해설을 따라 둘러보면 그 배경을 더 깊이 이해할 수 있습니다.', 14, 35.1743106361, 129.1117117085, '부산광역시 수영구 수영성로 43 (수영동)', '09:00~18:00 · 매주 월요일 휴관 · 무료', 'http://tong.visitkorea.or.kr/cms/resource/02/3476802_image2_1.jpg', 'http://tong.visitkorea.or.kr/cms/resource/02/3476802_image3_1.jpg'),
  (278, '낙조정', 1, '낙조정은 부산 사하구의 전망 명소입니다. 도시와 바다가 함께 담기는 시야 덕분에 사진 촬영지로도 인기가 많습니다.', 10, 35.1096647018, 128.9394840158, '부산광역시 사하구 낙동남로 1169 (하단동)', '상시 개방 · 연중무휴 · 무료', 'http://tong.visitkorea.or.kr/cms/resource/23/3027423_image2_1.JPG', 'http://tong.visitkorea.or.kr/cms/resource/23/3027423_image3_1.JPG'),
  (279, '금정산성 동문', 1, '부산 금정구의 금정산성 동문은 지역의 역사를 간직한 장소입니다. 안내판과 해설을 따라 둘러보면 그 배경을 더 깊이 이해할 수 있습니다.', 11, 35.2453406867, 129.0642277794, '부산광역시 금정구 장전동 산 2-3', '09:00~18:00 · 매주 월요일 휴관 · 무료', 'http://tong.visitkorea.or.kr/cms/resource/77/3027077_image2_1.JPG', 'http://tong.visitkorea.or.kr/cms/resource/77/3027077_image3_1.JPG'),
  (280, '전포공구길', 1, '전포공구길은 부산 부산진구의 개성 있는 거리입니다. 카페와 상점, 골목 풍경이 어우러져 걸으며 둘러보는 재미가 있습니다.', 5, 35.1587281711, 129.0642801508, '부산광역시 부산진구 서전로37번길 20', '상시 개방 · 점포별 운영 시간 상이', 'http://tong.visitkorea.or.kr/cms/resource/78/2994078_image2_1.JPG', 'http://tong.visitkorea.or.kr/cms/resource/78/2994078_image3_1.JPG'),
  (281, '부산 자갈치 양곱창 골목', 1, '부산 중구에 위치한 부산 자갈치 양곱창 골목은 지역 특유의 분위기가 살아 있는 거리입니다. 골목마다 다른 가게와 풍경이 이어집니다.', 1, 35.0973677005, 129.0277461155, '부산광역시 중구 구덕로 73 (남포동5가)', '상시 개방 · 점포별 운영 시간 상이', 'http://tong.visitkorea.or.kr/cms/resource/37/3049537_image2_1.JPG', 'http://tong.visitkorea.or.kr/cms/resource/37/3049537_image3_1.JPG'),
  (282, '청량사(부산)', 1, '청량사(부산)은 부산 강서구에 자리한 전통 사찰입니다. 고요한 경내와 주변 자연이 어우러져 차분한 시간을 보낼 수 있습니다.', 12, 35.117757865, 128.9190855715, '부산광역시 강서구 제도로 29', '일출~일몰 · 연중무휴 · 무료', 'http://tong.visitkorea.or.kr/cms/resource/85/3041185_image2_1.JPG', 'http://tong.visitkorea.or.kr/cms/resource/85/3041185_image3_1.JPG'),
  (283, '영주암(부산)', 1, '부산 수영구의 영주암(부산)은 오랜 시간 자리를 지켜 온 종교 유적입니다. 법회와 행사 일정에 따라 분위기가 달라집니다.', 14, 35.1766545764, 129.0986683346, '부산광역시 수영구 망미배산로76번나길 15 (망미동)', '일출~일몰 · 연중무휴 · 무료', 'http://tong.visitkorea.or.kr/cms/resource/17/3032417_image2_1.JPG', 'http://tong.visitkorea.or.kr/cms/resource/17/3032417_image3_1.JPG'),
  (284, '마하사(부산)', 1, '마하사(부산)은 부산 연제구에 자리한 전통 사찰입니다. 고요한 경내와 주변 자연이 어우러져 차분한 시간을 보낼 수 있습니다.', 13, 35.1639058017, 129.0876863061, '부산광역시 연제구 봉수로 138', '일출~일몰 · 연중무휴 · 무료', 'http://tong.visitkorea.or.kr/cms/resource/32/3031232_image2_1.JPG', 'http://tong.visitkorea.or.kr/cms/resource/32/3031232_image3_1.JPG'),
  (285, '금용암(부산)', 1, '부산 연제구의 금용암(부산)은 오랜 시간 자리를 지켜 온 종교 유적입니다. 법회와 행사 일정에 따라 분위기가 달라집니다.', 13, 35.1916075512, 129.049663856, '부산광역시 연제구 성지곡로 111 (거제동)', '일출~일몰 · 연중무휴 · 무료', 'http://tong.visitkorea.or.kr/cms/resource/77/3031277_image2_1.JPG', 'http://tong.visitkorea.or.kr/cms/resource/77/3031277_image3_1.JPG'),
  (286, '망산도·유주암', 1, '망산도·유주암은 부산 강서구에 남아 있는 역사 유적입니다. 부산이 지나온 시간의 흔적을 현장에서 직접 확인할 수 있습니다.', 12, 35.0967250919, 128.8209252451, '부산광역시 강서구 송정동', '09:00~18:00 · 매주 월요일 휴관 · 무료', 'http://tong.visitkorea.or.kr/cms/resource/91/3031391_image2_1.JPG', 'http://tong.visitkorea.or.kr/cms/resource/91/3031391_image3_1.JPG'),
  (287, '해운대 관광특구', 1, '부산 해운대구에 자리한 해운대 관광특구는 관광 인프라가 집중된 구역입니다. 도보 이동만으로도 다양한 명소를 둘러볼 수 있습니다.', 9, 35.1584383046, 129.1598690678, '부산광역시 해운대구 우동, 중동, 송정동, 재송동 센텀시티 지역', '상시 개방 · 점포별 운영 시간 상이', 'http://tong.visitkorea.or.kr/cms/resource/68/3026468_image2_1.JPG', 'http://tong.visitkorea.or.kr/cms/resource/68/3026468_image3_1.JPG'),
  (288, '광복로패션거리', 1, '광복로패션거리는 부산 중구의 개성 있는 거리입니다. 카페와 상점, 골목 풍경이 어우러져 걸으며 둘러보는 재미가 있습니다.', 1, 35.0986398717, 129.0327400915, '부산광역시 중구 광복로 72-1 (광복동2가)', '상시 개방 · 점포별 운영 시간 상이', 'http://tong.visitkorea.or.kr/cms/resource/11/3049611_image2_1.JPG', 'http://tong.visitkorea.or.kr/cms/resource/11/3049611_image3_1.JPG'),
  (289, '내원정사(부산)', 1, '부산 서구의 내원정사(부산)은 오랜 시간 자리를 지켜 온 종교 유적입니다. 법회와 행사 일정에 따라 분위기가 달라집니다.', 2, 35.1265891347, 129.0117550433, '부산광역시 서구 엄광산로40번길 80 (서대신동3가)', '일출~일몰 · 연중무휴 · 무료', 'http://tong.visitkorea.or.kr/cms/resource/55/3031655_image2_1.JPG', 'http://tong.visitkorea.or.kr/cms/resource/55/3031655_image3_1.JPG'),
  (290, '청사포 기찻길', 1, '청사포 기찻길은 부산 해운대구에 있는 이색 테마 체험 공간입니다. 다른 곳에서 보기 어려운 콘텐츠로 방문객의 발길을 끄는 장소입니다.', 9, 35.1581969059, 129.172851279, '부산광역시 해운대구 달맞이길62번길 13 (중동)', '10:00~19:00 · 연중무휴 · 유료', 'http://tong.visitkorea.or.kr/cms/resource/53/3027653_image2_1.JPG', 'http://tong.visitkorea.or.kr/cms/resource/53/3027653_image3_1.JPG'),
  (291, '용두산 자갈치 관광특구', 1, '부산 중구에 자리한 용두산 자갈치 관광특구는 관광 인프라가 집중된 구역입니다. 도보 이동만으로도 다양한 명소를 둘러볼 수 있습니다.', 1, 35.0966650543, 129.0306014426, '부산광역시 중구 자갈치해안로 52 (남포동4가)', '상시 개방 · 점포별 운영 시간 상이', 'http://tong.visitkorea.or.kr/cms/resource/46/3049246_image2_1.JPG', 'http://tong.visitkorea.or.kr/cms/resource/46/3049246_image3_1.JPG'),
  (292, '관음사(부산)', 1, '관음사(부산)은 부산 사하구에 자리한 전통 사찰입니다. 고요한 경내와 주변 자연이 어우러져 차분한 시간을 보낼 수 있습니다.', 10, 35.1088376838, 128.9758364301, '부산광역시 사하구 제석로79번길 33 (당리동)', '일출~일몰 · 연중무휴 · 무료', 'http://tong.visitkorea.or.kr/cms/resource/10/2790710_image2_1.JPG', 'http://tong.visitkorea.or.kr/cms/resource/10/2790710_image3_1.JPG'),
  (293, '부산 송도해수욕장', 1, '부산 서구에 자리한 부산 송도해수욕장은 바다와 맞닿은 경관으로 사랑받는 곳입니다. 일출과 일몰 무렵의 풍경이 특히 인상적입니다.', 2, 35.0739256715, 129.016458847, '부산광역시 서구 송도해변로 100', '상시 개방 · 연중무휴 · 무료', 'http://tong.visitkorea.or.kr/cms/resource/86/2504686_image2_1.jpg', 'http://tong.visitkorea.or.kr/cms/resource/86/2504686_image3_1.jpg'),
  (294, '스포원파크재난안전체험관', 1, '스포원파크재난안전체험관은 부산 금정구에 있는 이색 테마 체험 공간입니다. 다른 곳에서 보기 어려운 콘텐츠로 방문객의 발길을 끄는 장소입니다.', 11, 35.2918223435, 129.1051090492, '부산광역시 금정구 체육공원로399번길 324', '10:00~19:00 · 연중무휴 · 유료', 'http://tong.visitkorea.or.kr/cms/resource/12/2504712_image2_1.jpg', 'http://tong.visitkorea.or.kr/cms/resource/12/2504712_image3_1.jpg'),
  (295, '장산 (부산 국가지질공원)', 1, '부산 해운대구에 위치한 장산 (부산 국가지질공원)은 등산과 산책을 함께 즐길 수 있는 자연 명소입니다. 정상부에서는 부산 시가지와 바다가 한눈에 들어옵니다.', 9, 35.1811053657, 129.168189943, '부산광역시 해운대구 장산로 331-18', '상시 개방 · 연중무휴 · 무료 (일몰 후 산행 자제)', 'http://tong.visitkorea.or.kr/cms/resource/66/2661666_image2_1.jpg', 'http://tong.visitkorea.or.kr/cms/resource/66/2661666_image3_1.jpg'),
  (296, '대연수목전시원', 1, '대연수목전시원은 부산 남구에 조성된 생태 공원입니다. 계절마다 바뀌는 식생과 산책로가 어우러져 가볍게 걷기 좋습니다.', 7, 35.1251964498, 129.0986919647, '부산광역시 남구 신선로447번길 24 (대연동)', '상시 개방 · 연중무휴 · 무료', 'http://tong.visitkorea.or.kr/cms/resource/56/2795656_image2_1.jpg', 'http://tong.visitkorea.or.kr/cms/resource/56/2795656_image2_1.jpg'),
  (297, '부산 치유의 숲', 1, '부산 기장군의 부산 치유의 숲은 스파와 휴식 프로그램을 함께 즐길 수 있는 공간입니다. 방문 전 이용 요금과 운영 시간을 확인하는 것이 좋습니다.', 16, 35.2690086937, 129.1298103057, '부산광역시 기장군 철마면 철마천로 101', '09:00~22:00 · 연중무휴 · 유료', 'http://tong.visitkorea.or.kr/cms/resource/30/2661730_image2_1.jpg', 'http://tong.visitkorea.or.kr/cms/resource/30/2661730_image3_1.jpg'),
  (298, '공수어촌체험마을', 1, '공수어촌체험마을은 부산 기장군의 마을 자원을 활용한 체험 공간입니다. 지역 주민이 직접 운영하는 프로그램을 통해 일상과 맞닿은 부산을 만나볼 수 있습니다.', 16, 35.1844585662, 129.2111944455, '부산광역시 기장군 기장읍 공수해안길 13-2', '09:00~18:00 · 프로그램별 사전 예약제 · 유료', 'http://tong.visitkorea.or.kr/cms/resource/32/2504632_image2_1.jpg', 'http://tong.visitkorea.or.kr/cms/resource/32/2504632_image2_1.jpg'),
  (299, '회동수원지', 1, '부산 금정구에 자리한 회동수원지는 바다와 맞닿은 경관으로 사랑받는 곳입니다. 일출과 일몰 무렵의 풍경이 특히 인상적입니다.', 11, 35.2252550204, 129.116648768, '부산광역시 금정구 개좌로 147', '상시 개방 · 연중무휴 · 무료', 'http://tong.visitkorea.or.kr/cms/resource/72/2661472_image2_1.jpg', 'http://tong.visitkorea.or.kr/cms/resource/72/2661472_image2_1.jpg'),
  (300, '영도 흰여울해안터널', 1, '영도 흰여울해안터널은 부산 영도구의 전망 명소입니다. 도시와 바다가 함께 담기는 시야 덕분에 사진 촬영지로도 인기가 많습니다.', 4, 35.0779590845, 129.0453201165, '부산광역시 영도구 영선동4가 1044-6', '상시 개방 · 연중무휴 · 무료', NULL, NULL);

INSERT INTO `place` (`id`, `name`, `type_id`, `description`, `district_id`, `latitude`, `longitude`, `address`, `operating_info`, `image_url_1`, `image_url_2`) VALUES
  (301, '곰내연밭', 1, '부산 기장군의 곰내연밭은 자연 학습과 휴식을 함께할 수 있는 공원입니다. 가족 단위 나들이 장소로 자주 찾는 곳입니다.', 16, 35.2954092493, 129.1695450043, '부산광역시 기장군 철마면 웅천리 254-4', '상시 개방 · 연중무휴 · 무료', 'http://tong.visitkorea.or.kr/cms/resource/58/2794158_image2_1.jpg', 'http://tong.visitkorea.or.kr/cms/resource/58/2794158_image3_1.jpg'),
  (302, '미륵사(부산)', 1, '미륵사(부산)은 부산 금정구에 자리한 전통 사찰입니다. 고요한 경내와 주변 자연이 어우러져 차분한 시간을 보낼 수 있습니다.', 11, 35.274006634, 129.0489255467, '부산광역시 금정구 북문로 126 (금성동)', '일출~일몰 · 연중무휴 · 무료', 'http://tong.visitkorea.or.kr/cms/resource/99/2687599_image2_1.jpg', 'http://tong.visitkorea.or.kr/cms/resource/99/2687599_image3_1.jpg'),
  (303, '가덕도 연대봉', 1, '부산 강서구에 위치한 가덕도 연대봉은 등산과 산책을 함께 즐길 수 있는 자연 명소입니다. 정상부에서는 부산 시가지와 바다가 한눈에 들어옵니다.', 12, 35.0317518247, 128.8216713782, '부산광역시 강서구 천성동', '상시 개방 · 연중무휴 · 무료 (일몰 후 산행 자제)', NULL, NULL),
  (304, '스포원파크', 1, '스포원파크는 부산 금정구의 도심 공원입니다. 산책로와 휴식 공간이 잘 갖춰져 있어 일상 가까이에서 여유를 찾을 수 있습니다.', 11, 35.289161567, 129.1070700628, '부산광역시 금정구 체육공원로399번길 324', '상시 개방 · 연중무휴 · 무료', 'http://tong.visitkorea.or.kr/cms/resource/25/3409925_image2_1.jpg', 'http://tong.visitkorea.or.kr/cms/resource/25/3409925_image3_1.jpg'),
  (305, '금강공원', 1, '부산 동래구에 자리한 금강공원은 시민과 여행자가 함께 찾는 휴식 공간입니다. 계절에 따라 다른 분위기를 만날 수 있습니다.', 6, 35.2200354122, 129.0762190978, '부산광역시 동래구 우장춘로 155 (온천동)', '상시 개방 · 연중무휴 · 무료', 'http://tong.visitkorea.or.kr/cms/resource/12/3336512_image2_1.jpg', 'http://tong.visitkorea.or.kr/cms/resource/12/3336512_image3_1.jpg'),
  (306, '동래향교', 1, '동래향교는 부산 동래구에 남아 있는 역사 유적입니다. 부산이 지나온 시간의 흔적을 현장에서 직접 확인할 수 있습니다.', 6, 35.2077202717, 129.0841215255, '부산광역시 동래구 동래로 103', '09:00~18:00 · 매주 월요일 휴관 · 무료', 'http://tong.visitkorea.or.kr/cms/resource/25/3336525_image2_1.jpg', 'http://tong.visitkorea.or.kr/cms/resource/25/3336525_image3_1.jpg'),
  (307, '초량교회', 1, '부산 동구의 초량교회는 오랜 시간 자리를 지켜 온 종교 유적입니다. 법회와 행사 일정에 따라 분위기가 달라집니다.', 3, 35.1171434347, 129.0369614421, '부산광역시 동구 초량상로 53 (초량동)', '일출~일몰 · 연중무휴 · 무료', 'http://tong.visitkorea.or.kr/cms/resource/14/3343314_image2_1.jpg', 'http://tong.visitkorea.or.kr/cms/resource/14/3343314_image3_1.jpg'),
  (308, '묘심사(부산)', 1, '묘심사(부산)은 부산 동구에 자리한 전통 사찰입니다. 고요한 경내와 주변 자연이 어우러져 차분한 시간을 보낼 수 있습니다.', 3, 35.126761849, 129.0395054026, '부산광역시 동구 망양로 671 (수정동)', '일출~일몰 · 연중무휴 · 무료', 'http://tong.visitkorea.or.kr/cms/resource/32/3343332_image2_1.jpg', 'http://tong.visitkorea.or.kr/cms/resource/32/3343332_image3_1.jpg'),
  (309, '친환경 스카이웨이 전망대(이바구길)', 1, '부산 동구에 위치한 친환경 스카이웨이 전망대(이바구길)에서는 부산의 풍경을 한눈에 조망할 수 있습니다. 해 질 무렵 방문하면 야경까지 함께 즐길 수 있습니다.', 3, 35.1213095185, 129.0306535435, '부산광역시 동구 초량동', '상시 개방 · 연중무휴 · 무료', 'http://tong.visitkorea.or.kr/cms/resource/06/2720806_image2_1.jpg', 'http://tong.visitkorea.or.kr/cms/resource/06/2720806_image3_1.jpg'),
  (310, '안데르센 동화마을', 1, '안데르센 동화마을은 부산 기장군의 개성 있는 거리입니다. 카페와 상점, 골목 풍경이 어우러져 걸으며 둘러보는 재미가 있습니다.', 16, 35.3601199691, 129.2399148578, '부산광역시 기장군 장안읍 장안로 211', '상시 개방 · 점포별 운영 시간 상이', 'http://tong.visitkorea.or.kr/cms/resource/61/2795861_image2_1.jpg', 'http://tong.visitkorea.or.kr/cms/resource/61/2795861_image3_1.jpg'),
  (311, '황령산', 1, '부산 남구에 위치한 황령산은 등산과 산책을 함께 즐길 수 있는 자연 명소입니다. 정상부에서는 부산 시가지와 바다가 한눈에 들어옵니다.', 7, 35.1579341561, 129.0827285679, '부산광역시 남구 황령산로 391-39 (대연동)', '상시 개방 · 연중무휴 · 무료 (일몰 후 산행 자제)', 'http://tong.visitkorea.or.kr/cms/resource/50/2732750_image2_1.jpg', 'http://tong.visitkorea.or.kr/cms/resource/50/2732750_image3_1.jpg'),
  (312, '가덕도 등대', 1, '가덕도 등대는 부산 강서구의 전망 명소입니다. 도시와 바다가 함께 담기는 시야 덕분에 사진 촬영지로도 인기가 많습니다.', 12, 35.0006471157, 128.8295937487, '부산광역시 강서구 외양포로 10', '상시 개방 · 연중무휴 · 무료', 'http://tong.visitkorea.or.kr/cms/resource/81/3342781_image2_1.jpg', 'http://tong.visitkorea.or.kr/cms/resource/81/3342781_image3_1.jpg'),
  (313, '렛츠런파크 부산경남', 1, '부산 강서구의 렛츠런파크 부산경남에서는 다양한 주제의 체험과 전시를 만날 수 있습니다. 프로그램에 따라 사전 예약이 필요할 수 있습니다.', 12, 35.1546447184, 128.8819239173, '부산광역시 강서구 가락대로 929 (범방동)', '10:00~18:00 · 매주 월요일 휴관 · 프로그램별 요금 상이', 'http://tong.visitkorea.or.kr/cms/resource/39/3350939_image2_1.jpg', 'http://tong.visitkorea.or.kr/cms/resource/39/3350939_image3_1.jpg'),
  (314, '보람공원', 1, '보람공원은 부산 강서구의 도심 공원입니다. 산책로와 휴식 공간이 잘 갖춰져 있어 일상 가까이에서 여유를 찾을 수 있습니다.', 12, 35.0881459047, 128.8432429784, '부산광역시 강서구 녹산산단262로14번길 20 (송정동)', '상시 개방 · 연중무휴 · 무료', 'http://tong.visitkorea.or.kr/cms/resource/45/3337845_image2_1.jpg', 'http://tong.visitkorea.or.kr/cms/resource/45/3337845_image3_1.jpg'),
  (315, '청사포 다릿돌전망대', 1, '부산 해운대구에 위치한 청사포 다릿돌전망대에서는 부산의 풍경을 한눈에 조망할 수 있습니다. 해 질 무렵 방문하면 야경까지 함께 즐길 수 있습니다.', 9, 35.1633523032, 129.1954075101, '부산광역시 해운대구 청사포로 167 (중동)', '상시 개방 · 연중무휴 · 무료', 'http://tong.visitkorea.or.kr/cms/resource/96/2941196_image2_1.bmp', 'http://tong.visitkorea.or.kr/cms/resource/96/2941196_image3_1.bmp'),
  (316, '부산광안대교', 1, '부산광안대교는 부산 수영구의 전망 명소입니다. 도시와 바다가 함께 담기는 시야 덕분에 사진 촬영지로도 인기가 많습니다.', 14, 35.1449947568, 129.1270084045, '부산광역시 해운대구 수영강변대로 203', '상시 개방 · 연중무휴 · 무료', 'http://tong.visitkorea.or.kr/cms/resource/77/3368477_image2_1.jpg', 'http://tong.visitkorea.or.kr/cms/resource/77/3368477_image3_1.jpg'),
  (317, '해운대수목원', 1, '부산 해운대구의 해운대수목원은 자연 학습과 휴식을 함께할 수 있는 공원입니다. 가족 단위 나들이 장소로 자주 찾는 곳입니다.', 9, 35.2304408466, 129.1326250124, '부산광역시 해운대구광역시 석대동 26', '상시 개방 · 연중무휴 · 무료', 'http://tong.visitkorea.or.kr/cms/resource/91/3353991_image2_1.jpg', 'http://tong.visitkorea.or.kr/cms/resource/91/3353991_image3_1.jpg'),
  (318, '해운대 동백섬', 1, '해운대 동백섬은 부산 해운대구의 바다를 대표하는 명소입니다. 탁 트인 수평선과 해안 풍경이 사계절 내내 방문객을 맞이합니다.', 9, 35.153991438, 129.1521809693, '부산광역시 해운대구 동백로 67 (우동) 일대', '상시 개방 · 연중무휴 · 무료', 'http://tong.visitkorea.or.kr/cms/resource/47/3350847_image2_1.jpg', 'http://tong.visitkorea.or.kr/cms/resource/47/3350847_image3_1.jpg'),
  (319, '미포항', 1, '부산 해운대구에 자리한 미포항은 바다와 맞닿은 경관으로 사랑받는 곳입니다. 일출과 일몰 무렵의 풍경이 특히 인상적입니다.', 9, 35.1580385696, 129.1717291585, '부산광역시 해운대구 중동', '상시 개방 · 연중무휴 · 무료', 'http://tong.visitkorea.or.kr/cms/resource/22/3336622_image2_1.jpg', 'http://tong.visitkorea.or.kr/cms/resource/22/3336622_image3_1.jpg'),
  (320, '부산영화촬영스튜디오', 1, '부산영화촬영스튜디오는 부산 해운대구에 자리한 문화·교육 체험 공간입니다. 전시와 참여형 프로그램이 함께 운영되어 배우며 즐기기 좋습니다.', 9, 35.1625180008, 129.1380958485, '부산광역시 해운대구 해운대해변로 52 (우동)', '10:00~18:00 · 매주 월요일 휴관 · 프로그램별 요금 상이', 'http://tong.visitkorea.or.kr/cms/resource/73/3337973_image2_1.jpg', 'http://tong.visitkorea.or.kr/cms/resource/73/3337973_image3_1.jpg'),
  (321, '25의용단', 1, '부산 수영구의 25의용단은 지역의 역사를 간직한 장소입니다. 안내판과 해설을 따라 둘러보면 그 배경을 더 깊이 이해할 수 있습니다.', 14, 35.1719498296, 129.1138921398, '부산광역시 수영구 연수로379번길 42 (수영동)', '09:00~18:00 · 매주 월요일 휴관 · 무료', NULL, NULL),
  (322, '광안리해수욕장', 1, '광안리해수욕장은 부산 수영구의 바다를 대표하는 명소입니다. 탁 트인 수평선과 해안 풍경이 사계절 내내 방문객을 맞이합니다.', 14, 35.1538130576, 129.1185477876, '부산광역시 수영구 광안해변로 219 (광안동)', '상시 개방 · 연중무휴 · 무료', 'http://tong.visitkorea.or.kr/cms/resource/45/3311245_image2_1.jpg', 'http://tong.visitkorea.or.kr/cms/resource/45/3311245_image3_1.jpg'),
  (323, '천마산하늘전망대', 1, '부산 서구에 위치한 천마산하늘전망대에서는 부산의 풍경을 한눈에 조망할 수 있습니다. 해 질 무렵 방문하면 야경까지 함께 즐길 수 있습니다.', 2, 35.093648481, 129.0173415667, '부산광역시 서구 해돋이로183번길 17-4', '상시 개방 · 연중무휴 · 무료', NULL, NULL),
  (324, '구덕문화공원', 1, '구덕문화공원은 부산 서구의 도심 공원입니다. 산책로와 휴식 공간이 잘 갖춰져 있어 일상 가까이에서 여유를 찾을 수 있습니다.', 2, 35.1264334874, 129.0058166756, '부산광역시 서구 꽃마을로163번길 73 (서대신동3가)', '상시 개방 · 연중무휴 · 무료', 'http://tong.visitkorea.or.kr/cms/resource/40/3369140_image2_1.jpg', 'http://tong.visitkorea.or.kr/cms/resource/40/3369140_image3_1.jpg'),
  (325, '낙동강 생태탐방선', 1, '부산 사하구의 낙동강 생태탐방선은 자연 학습과 휴식을 함께할 수 있는 공원입니다. 가족 단위 나들이 장소로 자주 찾는 곳입니다.', 10, 35.1102509254, 128.9492081536, '부산광역시 사하구 하단동 1149-10', '상시 개방 · 연중무휴 · 무료', 'http://tong.visitkorea.or.kr/cms/resource/51/2787651_image2_1.jpg', 'http://tong.visitkorea.or.kr/cms/resource/51/2787651_image2_1.jpg'),
  (326, '아미산 전망대', 1, '아미산 전망대는 부산 사하구의 전망 명소입니다. 도시와 바다가 함께 담기는 시야 덕분에 사진 촬영지로도 인기가 많습니다.', 10, 35.0527909028, 128.9608087041, '부산광역시 사하구 다대낙조2길 77 (다대동)', '상시 개방 · 연중무휴 · 무료', 'http://tong.visitkorea.or.kr/cms/resource/59/2732759_image2_1.jpg', 'http://tong.visitkorea.or.kr/cms/resource/59/2732759_image3_1.jpg'),
  (327, '낙동강문화관', 1, '부산 사하구의 낙동강문화관에서는 다양한 주제의 체험과 전시를 만날 수 있습니다. 프로그램에 따라 사전 예약이 필요할 수 있습니다.', 10, 35.1082872241, 128.9474416939, '부산광역시 사하구 낙동남로1233번길 1 (하단동)', '10:00~18:00 · 매주 월요일 휴관 · 프로그램별 요금 상이', 'http://tong.visitkorea.or.kr/cms/resource/22/3337322_image2_1.jpg', 'http://tong.visitkorea.or.kr/cms/resource/22/3337322_image3_1.jpg'),
  (328, '사상근린공원', 1, '사상근린공원은 부산 사상구의 도심 공원입니다. 산책로와 휴식 공간이 잘 갖춰져 있어 일상 가까이에서 여유를 찾을 수 있습니다.', 15, 35.1521995132, 128.9768740479, '부산광역시 사상구 가야대로 35 (감전동)', '상시 개방 · 연중무휴 · 무료', 'http://tong.visitkorea.or.kr/cms/resource/07/3370707_image2_1.jpg', 'http://tong.visitkorea.or.kr/cms/resource/07/3370707_image3_1.jpg'),
  (329, '약수암(부산)', 1, '부산 사상구의 약수암(부산)은 오랜 시간 자리를 지켜 온 종교 유적입니다. 법회와 행사 일정에 따라 분위기가 달라집니다.', 15, 35.1782275148, 128.9965271813, '부산광역시 사상구 백양대로804번길 42-57 약수암', '일출~일몰 · 연중무휴 · 무료', 'http://tong.visitkorea.or.kr/cms/resource/80/3342880_image2_1.jpg', 'http://tong.visitkorea.or.kr/cms/resource/80/3342880_image3_1.jpg'),
  (330, '구포 어린이교통공원', 1, '구포 어린이교통공원은 부산 북구에 있는 테마파크형 시설입니다. 다양한 즐길 거리가 모여 있어 하루를 온전히 보내기 좋습니다.', 8, 35.201058353, 128.9999845896, '부산광역시 북구 낙동북로 687 (구포동)', '10:00~20:00 · 연중무휴 · 유료', 'http://tong.visitkorea.or.kr/cms/resource/17/3397217_image2_1.jpg', 'http://tong.visitkorea.or.kr/cms/resource/17/3397217_image3_1.jpg'),
  (331, '금곡동 율리 바위그늘유적', 1, '부산 북구의 금곡동 율리 바위그늘유적은 지역의 역사를 간직한 장소입니다. 안내판과 해설을 따라 둘러보면 그 배경을 더 깊이 이해할 수 있습니다.', 8, 35.2505392944, 129.0204258972, '부산광역시 북구 금곡동 산24', '09:00~18:00 · 매주 월요일 휴관 · 무료', 'http://tong.visitkorea.or.kr/cms/resource/91/3414191_image2_1.jpg', 'http://tong.visitkorea.or.kr/cms/resource/91/3414191_image3_1.jpg'),
  (332, '부산진 별빛산책길', 1, '부산진 별빛산책길은 부산 부산진구의 개성 있는 거리입니다. 카페와 상점, 골목 풍경이 어우러져 걸으며 둘러보는 재미가 있습니다.', 5, 35.1640385095, 129.0546280676, '부산광역시 부산진구 범전동 212-191', '상시 개방 · 점포별 운영 시간 상이', 'http://tong.visitkorea.or.kr/cms/resource/21/3093621_image2_1.PNG', 'http://tong.visitkorea.or.kr/cms/resource/21/3093621_image3_1.PNG'),
  (333, '평화공원', 1, '부산 남구에 자리한 평화공원은 시민과 여행자가 함께 찾는 휴식 공간입니다. 계절에 따라 다른 분위기를 만날 수 있습니다.', 7, 35.1253214518, 129.0995779953, '부산광역시 남구 신선로447번길 10', '상시 개방 · 연중무휴 · 무료', 'http://tong.visitkorea.or.kr/cms/resource/63/3370163_image2_1.jpg', 'http://tong.visitkorea.or.kr/cms/resource/63/3370163_image3_1.jpg'),
  (334, '장안사계곡', 1, '장안사계곡은 부산 기장군의 산림 명소입니다. 도심에서 가까우면서도 숲길과 능선을 따라 걷는 즐거움이 있는 곳입니다.', 16, 35.3744348966, 129.2328150778, '부산광역시 기장군 장안읍 장안로 482', '상시 개방 · 연중무휴 · 무료 (일몰 후 산행 자제)', 'http://tong.visitkorea.or.kr/cms/resource/46/3342846_image2_1.jpg', 'http://tong.visitkorea.or.kr/cms/resource/46/3342846_image3_1.jpg'),
  (335, '은진사', 1, '부산 기장군의 은진사는 오랜 시간 자리를 지켜 온 종교 유적입니다. 법회와 행사 일정에 따라 분위기가 달라집니다.', 16, 35.3360483529, 129.2765262292, '부산광역시 기장군 장안읍 고무로 271-47', '일출~일몰 · 연중무휴 · 무료', 'http://tong.visitkorea.or.kr/cms/resource/36/3342836_image2_1.jpg', 'http://tong.visitkorea.or.kr/cms/resource/36/3342836_image3_1.jpg'),
  (336, '소두방공원', 1, '소두방공원은 부산 기장군의 도심 공원입니다. 산책로와 휴식 공간이 잘 갖춰져 있어 일상 가까이에서 여유를 찾을 수 있습니다.', 16, 35.3291390743, 129.1843288936, '부산광역시 기장군 정관읍 방곡리', '상시 개방 · 연중무휴 · 무료', 'http://tong.visitkorea.or.kr/cms/resource/82/3336582_image2_1.jpg', 'http://tong.visitkorea.or.kr/cms/resource/82/3336582_image3_1.jpg'),
  (337, '학리항(학리방파제)', 1, '부산 기장군에 자리한 학리항(학리방파제)는 바다와 맞닿은 경관으로 사랑받는 곳입니다. 일출과 일몰 무렵의 풍경이 특히 인상적입니다.', 16, 35.2599730111, 129.2477530679, '부산광역시 기장군 일광면 학리 251-13', '상시 개방 · 연중무휴 · 무료', 'http://tong.visitkorea.or.kr/cms/resource/27/3334627_image2_1.jpg', 'http://tong.visitkorea.or.kr/cms/resource/27/3334627_image3_1.jpg'),
  (338, '아홉산숲', 1, '아홉산숲은 부산 기장군의 산림 명소입니다. 도심에서 가까우면서도 숲길과 능선을 따라 걷는 즐거움이 있는 곳입니다.', 16, 35.2871407693, 129.1715589466, '부산광역시 기장군 철마면 미동길 37-1', '상시 개방 · 연중무휴 · 무료 (일몰 후 산행 자제)', 'http://tong.visitkorea.or.kr/cms/resource/91/3309791_image2_1.jpg', 'http://tong.visitkorea.or.kr/cms/resource/91/3309791_image3_1.jpg'),
  (339, '북맛골', 1, '부산 금정구에 위치한 북맛골은 지역 특유의 분위기가 살아 있는 거리입니다. 골목마다 다른 가게와 풍경이 이어집니다.', 11, 35.2369919623, 129.0825597462, '부산광역시 금정구 장전동', '상시 개방 · 점포별 운영 시간 상이', 'http://tong.visitkorea.or.kr/cms/resource/01/3336601_image2_1.jpg', 'http://tong.visitkorea.or.kr/cms/resource/01/3336601_image3_1.jpg'),
  (340, '외양포 포진지', 1, '외양포 포진지는 부산 강서구에 남아 있는 역사 유적입니다. 부산이 지나온 시간의 흔적을 현장에서 직접 확인할 수 있습니다.', 12, 35.0056381443, 128.8251995524, '부산광역시 강서구 대항동', '09:00~18:00 · 매주 월요일 휴관 · 무료', 'http://tong.visitkorea.or.kr/cms/resource/03/3342803_image2_1.jpg', 'http://tong.visitkorea.or.kr/cms/resource/03/3342803_image3_1.jpg'),
  (341, '동래온천길(온천천 카페거리)', 1, '부산 동래구에 위치한 동래온천길(온천천 카페거리)는 지역 특유의 분위기가 살아 있는 거리입니다. 골목마다 다른 가게와 풍경이 이어집니다.', 6, 35.1916279693, 129.1024592605, '부산광역시 동래구 온천천로 451 도시철도 온천장역(부산광역시 동래구 중앙대로 1520), 도시철도 동래역(부산광역시 동래구 중앙대로 1324), 온천천 카페거리(부산광역시 동래구 온천천로 451)', '상시 개방 · 점포별 운영 시간 상이', 'http://tong.visitkorea.or.kr/cms/resource/33/2822333_image2_1.png', 'http://tong.visitkorea.or.kr/cms/resource/33/2822333_image3_1.png'),
  (342, '대항 어촌체험 휴양마을', 1, '대항 어촌체험 휴양마을은 부산 강서구의 마을 자원을 활용한 체험 공간입니다. 지역 주민이 직접 운영하는 프로그램을 통해 일상과 맞닿은 부산을 만나볼 수 있습니다.', 12, 35.0117208424, 128.8276908389, '부산광역시 강서구 가덕해안로1207번길 9-2', '09:00~18:00 · 프로그램별 사전 예약제 · 유료', 'http://tong.visitkorea.or.kr/cms/resource/26/2607126_image2_1.bmp', 'http://tong.visitkorea.or.kr/cms/resource/26/2607126_image3_1.bmp'),
  (343, '플루니티', 1, '부산 영도구에 위치한 플루니티는 독특한 테마와 체험 요소로 알려진 곳입니다. 일정 중 색다른 시간을 보내고 싶을 때 들르기 좋습니다.', 4, 35.0923685831, 129.0452947259, '부산광역시 영도구 번영길 8', '10:00~19:00 · 연중무휴 · 유료', NULL, NULL),
  (344, 'UN조각공원', 1, 'UN조각공원은 부산 남구의 도심 공원입니다. 산책로와 휴식 공간이 잘 갖춰져 있어 일상 가까이에서 여유를 찾을 수 있습니다.', 7, 35.1297375886, 129.0976280442, '부산광역시 남구 대연동 93', '상시 개방 · 연중무휴 · 무료', NULL, NULL),
  (345, '영화의전당 라이브러리 자료실', 1, '부산 해운대구의 영화의전당 라이브러리 자료실은 문화 콘텐츠를 다양하게 경험할 수 있는 공간입니다. 프로그램 일정에 따라 방문 계획을 세우면 좋습니다.', 9, 35.1710029572, 129.1270687971, '부산광역시 해운대구 수영강변대로 120 (우동)', '10:00~19:00 · 매주 월요일 휴관', 'http://tong.visitkorea.or.kr/cms/resource/99/3453999_image2_1.jpg', 'http://tong.visitkorea.or.kr/cms/resource/99/3453999_image3_1.jpg'),
  (346, '커넥트현대', 1, '커넥트현대는 부산 동구에 위치한 복합문화공간입니다. 전시와 공연, 여가 프로그램이 한곳에서 운영됩니다.', 3, 35.1413411243, 129.0586005649, '부산광역시 동구 범일로 125 (범일동)', '10:00~19:00 · 매주 월요일 휴관', 'http://tong.visitkorea.or.kr/cms/resource/06/3451506_image2_1.jpg', 'http://tong.visitkorea.or.kr/cms/resource/06/3451506_image3_1.jpg'),
  (347, '그런고로', 1, '부산 부산진구에 위치한 그런고로는 독특한 테마와 체험 요소로 알려진 곳입니다. 일정 중 색다른 시간을 보내고 싶을 때 들르기 좋습니다.', 5, 35.1575588567, 129.0642468527, '부산광역시 부산진구 서전로 40 (전포동)', '10:00~19:00 · 연중무휴 · 유료', 'http://tong.visitkorea.or.kr/cms/resource/96/3421696_image2_1.jpg', 'http://tong.visitkorea.or.kr/cms/resource/96/3421696_image3_1.jpg'),
  (348, '감지해변', 1, '감지해변은 부산 영도구의 바다를 대표하는 명소입니다. 탁 트인 수평선과 해안 풍경이 사계절 내내 방문객을 맞이합니다.', 4, 35.0625336062, 129.0764900502, '부산광역시 영도구 감지길 110 (동삼동)', '상시 개방 · 연중무휴 · 무료', NULL, NULL),
  (349, '영주하늘눈전망대', 1, '부산 중구에 위치한 영주하늘눈전망대에서는 부산의 풍경을 한눈에 조망할 수 있습니다. 해 질 무렵 방문하면 야경까지 함께 즐길 수 있습니다.', 1, 35.1146102693, 129.0307259427, '부산광역시 중구 영주동 91-7 (영주동)', '상시 개방 · 연중무휴 · 무료', NULL, NULL),
  (350, '산복도로', 1, '산복도로는 부산 중구의 개성 있는 거리입니다. 카페와 상점, 골목 풍경이 어우러져 걸으며 둘러보는 재미가 있습니다.', 1, 35.1092330974, 129.0309232942, '부산광역시 중구 (영주동)', '상시 개방 · 점포별 운영 시간 상이', 'http://tong.visitkorea.or.kr/cms/resource/16/3343716_image2_1.jpg', 'http://tong.visitkorea.or.kr/cms/resource/16/3343716_image3_1.jpg');

INSERT INTO `place` (`id`, `name`, `type_id`, `description`, `district_id`, `latitude`, `longitude`, `address`, `operating_info`, `image_url_1`, `image_url_2`) VALUES
  (351, '2026 부산국제불교박람회', 2, '부산 해운대구에서 열리는 2026 부산국제불교박람회는 주제형 행사·전시 프로그램입니다. 방문 전 운영 기간을 확인하는 것이 좋습니다.', 9, 35.1687048508, 129.1354937071, '부산광역시 해운대구 APEC로 55 (우동)', '행사 기간 중 운영 · 상세 일정 매년 변동 · 문의 02-2231-2011', 'https://tong.visitkorea.or.kr/cms/resource/92/4077792_image2_1.jpg', 'https://tong.visitkorea.or.kr/cms/resource/92/4077792_image3_1.jpg'),
  (352, '2026 나이트레이스 인 부산', 2, '2026 나이트레이스 인 부산은 부산 수영구에서 개최되는 행사입니다. 기간 중 전시와 부대 프로그램이 함께 운영됩니다.', 14, 35.1537727886, 129.1185199367, '부산광역시 수영구 광안해변로 219 (광안동)', '행사 기간 중 운영 · 상세 일정 매년 변동 · 문의 051-740-4116', 'https://tong.visitkorea.or.kr/cms/resource/41/4065341_image2_1.jpg', 'https://tong.visitkorea.or.kr/cms/resource/41/4065341_image3_1.jpg'),
  (353, '제48차 유네스코 세계유산위원회 특별공연 산화비 : HEXAGRAM 22', 2, '부산 해운대구에서 진행되는 제48차 유네스코 세계유산위원회 특별공연 산화비 : HEXAGRAM 22는 무대 공연 프로그램입니다. 공연 일정은 주최 측 안내에 따라 변경될 수 있습니다.', 9, 35.1690637155, 129.1360182683, '부산광역시 해운대구 APEC로 55 (우동)', '행사 기간 중 운영 · 상세 일정 매년 변동 · 문의 02-2039-0342', 'https://tong.visitkorea.or.kr/cms/resource/57/4077757_image2_1.jpg', 'https://tong.visitkorea.or.kr/cms/resource/57/4077757_image3_1.jpg'),
  (354, '부산국제록페스티벌', 2, '부산국제록페스티벌은 부산 사상구에서 열리는 지역 축제입니다. 지역의 색이 담긴 프로그램과 무대가 기간 중 이어집니다.', 15, 35.1728573, 128.9681914, '부산광역시 사상구 삼락동 29-50', '행사 기간 중 운영 · 상세 일정 매년 변동 · 문의 051-713-5000', 'https://tong.visitkorea.or.kr/cms/resource/06/4040606_image2_1.jpg', 'https://tong.visitkorea.or.kr/cms/resource/06/4040606_image3_1.jpg'),
  (355, '부산항축제', 2, '부산 동구에서 개최되는 부산항축제는 방문객이 함께 즐기는 축제입니다. 상세 일정과 프로그램은 해마다 달라질 수 있습니다.', 3, 35.1144041132, 129.0464193172, '부산광역시 동구 이순신대로 164 (초량동)', '행사 기간 중 운영 · 상세 일정 매년 변동 · 문의 051-713-5000', 'https://tong.visitkorea.or.kr/cms/resource/70/4058670_image2_1.jpg', 'https://tong.visitkorea.or.kr/cms/resource/70/4058670_image3_1.jpg'),
  (356, '광안리어방축제', 2, '광안리어방축제는 부산 수영구에서 열리는 지역 축제입니다. 지역의 색이 담긴 프로그램과 무대가 기간 중 이어집니다.', 14, 35.1537727886, 129.1185199367, '부산광역시 수영구 광안해변로 219 (광안동)', '행사 기간 중 운영 · 상세 일정 매년 변동 · 문의 051-610-4212', 'https://tong.visitkorea.or.kr/cms/resource/10/4066810_image2_1.JPG', 'https://tong.visitkorea.or.kr/cms/resource/10/4066810_image3_1.JPG'),
  (357, '2026 부산나이트워크42K', 2, '부산 해운대구에서 열리는 2026 부산나이트워크42K는 주제형 행사·전시 프로그램입니다. 방문 전 운영 기간을 확인하는 것이 좋습니다.', 9, 35.16790821788159, 129.1273173184388, '부산광역시 해운대구 수영강변대로 85 (우동)', '행사 기간 중 운영 · 상세 일정 매년 변동 · 문의 070-4705-2008', 'https://tong.visitkorea.or.kr/cms/resource/37/4069137_image2_1.jpg', 'https://tong.visitkorea.or.kr/cms/resource/37/4069137_image3_1.jpg'),
  (358, '2026 부산바다도서관', 2, '2026 부산바다도서관은 부산 수영구에서 개최되는 행사입니다. 기간 중 전시와 부대 프로그램이 함께 운영됩니다.', 14, 35.154689, 129.132986, '부산광역시 수영구 민락동 110-19', '행사 기간 중 운영 · 상세 일정 매년 변동 · 문의 051-745-7288', 'https://tong.visitkorea.or.kr/cms/resource/73/4070173_image2_1.jpg', 'https://tong.visitkorea.or.kr/cms/resource/73/4070173_image3_1.jpg'),
  (359, '2026 용골 댄스 페스타', 2, '부산 중구에서 열리는 2026 용골 댄스 페스타는 주제형 행사·전시 프로그램입니다. 방문 전 운영 기간을 확인하는 것이 좋습니다.', 1, 35.100929432638, 129.032442805252, '부산광역시 중구 용두산길 37-55 (광복동2가)', '행사 기간 중 운영 · 상세 일정 매년 변동 · 문의 051-714-4674', 'https://tong.visitkorea.or.kr/cms/resource/73/4067473_image2_1.jpg', 'https://tong.visitkorea.or.kr/cms/resource/73/4067473_image3_1.jpg'),
  (360, '세계유산위원회 대한민국관(K-Heritage House)', 2, '세계유산위원회 대한민국관(K-Heritage House)는 부산 해운대구에서 개최되는 행사입니다. 기간 중 전시와 부대 프로그램이 함께 운영됩니다.', 9, 35.1690637154991, 129.136018268316, '부산광역시 해운대구 APEC로 55 (우동)', '행사 기간 중 운영 · 상세 일정 매년 변동 · 문의 042-481-4833', 'https://tong.visitkorea.or.kr/cms/resource/26/4055726_image2_1.jpeg', 'https://tong.visitkorea.or.kr/cms/resource/26/4055726_image3_1.jpeg'),
  (361, '부산 밀 페스티벌', 2, '부산 북구에서 개최되는 부산 밀 페스티벌은 방문객이 함께 즐기는 축제입니다. 상세 일정과 프로그램은 해마다 달라질 수 있습니다.', 8, 35.2163777948624, 128.999546395503, '부산광역시 북구 덕천동 763 북구 화명생태공원', '행사 기간 중 운영 · 상세 일정 매년 변동 · 문의 051-713-5000', 'https://tong.visitkorea.or.kr/cms/resource/30/4054930_image2_1.jpg', 'https://tong.visitkorea.or.kr/cms/resource/30/4054930_image3_1.jpg'),
  (362, '포트빌리지 부산 2026', 2, '포트빌리지 부산 2026은 부산 중구에서 개최되는 행사입니다. 기간 중 전시와 부대 프로그램이 함께 운영됩니다.', 1, 35.104388, 129.041338, '부산광역시 중구 중앙동4가 15-33 부산항 제1부두', '행사 기간 중 운영 · 상세 일정 매년 변동 · 문의 070-4680-1718', 'https://tong.visitkorea.or.kr/cms/resource/81/4065381_image2_1.jpg', 'https://tong.visitkorea.or.kr/cms/resource/81/4065381_image3_1.jpg'),
  (363, '2026 부산푸드필름페스타', 2, '부산 해운대구에서 진행되는 2026 부산푸드필름페스타는 무대 공연 프로그램입니다. 공연 일정은 주최 측 안내에 따라 변경될 수 있습니다.', 9, 35.170963130477155, 129.12704224730075, '부산광역시 해운대구 수영강변대로 120 (우동)', '행사 기간 중 운영 · 상세 일정 매년 변동 · 문의 051-710-6948', 'https://tong.visitkorea.or.kr/cms/resource/90/4065290_image2_1.jpg', 'https://tong.visitkorea.or.kr/cms/resource/90/4065290_image3_1.jpg'),
  (364, '부산국제매직페스티벌', 2, '부산국제매직페스티벌은 부산 해운대구에서 열리는 공연입니다. 회차별 좌석과 관람 등급이 다르므로 예매 전 확인이 필요합니다.', 9, 35.1710365257136, 129.127084511585, '부산광역시 해운대구 수영강변대로 120 (우동)', '행사 기간 중 운영 · 상세 일정 매년 변동 · 문의 051-626-7002', 'https://tong.visitkorea.or.kr/cms/resource/20/4064420_image2_1.jpg', 'https://tong.visitkorea.or.kr/cms/resource/20/4064420_image3_1.jpg'),
  (365, '글로벌 영도커피페스티벌', 2, '부산 영도구에서 개최되는 글로벌 영도커피페스티벌은 방문객이 함께 즐기는 축제입니다. 상세 일정과 프로그램은 해마다 달라질 수 있습니다.', 4, 35.0771644165947, 129.081954798294, '부산광역시 영도구 해양로301번길 55 아미르공원 및 블루포트2021', '행사 기간 중 운영 · 상세 일정 매년 변동 · 문의 010-6443-0799', 'https://tong.visitkorea.or.kr/cms/resource/73/4060873_image2_1.jpg', 'https://tong.visitkorea.or.kr/cms/resource/73/4060873_image3_1.jpg'),
  (366, '부산가족축제', 2, '부산가족축제는 부산 부산진구에서 열리는 지역 축제입니다. 지역의 색이 담긴 프로그램과 무대가 기간 중 이어집니다.', 5, 35.165236725387174, 129.05667797660956, '부산광역시 부산진구 시민공원로 73 (범전동)', '행사 기간 중 운영 · 상세 일정 매년 변동 · 문의 051-580-9009', 'https://tong.visitkorea.or.kr/cms/resource/63/4063563_image2_1.jpg', 'https://tong.visitkorea.or.kr/cms/resource/63/4063563_image3_1.jpg'),
  (367, '해운대 모래축제', 2, '부산 해운대구에서 개최되는 해운대 모래축제는 방문객이 함께 즐기는 축제입니다. 상세 일정과 프로그램은 해마다 달라질 수 있습니다.', 9, 35.15949657841939, 129.16257660164996, '부산광역시 해운대구 해운대해변로 280 (중동) 해운대 해수욕장', '행사 기간 중 운영 · 상세 일정 매년 변동 · 문의 051-749-4064', 'https://tong.visitkorea.or.kr/cms/resource/55/4025555_image2_1.jpg', 'https://tong.visitkorea.or.kr/cms/resource/55/4025555_image3_1.jpg'),
  (368, '국제해양영화제 (KIOFF)', 2, '국제해양영화제 (KIOFF)는 부산 해운대구에서 열리는 공연입니다. 회차별 좌석과 관람 등급이 다르므로 예매 전 확인이 필요합니다.', 9, 35.1710365257136, 129.127084511585, '부산광역시 해운대구 수영강변대로 120 (우동)', '행사 기간 중 운영 · 상세 일정 매년 변동 · 문의 051-790-9413', 'https://tong.visitkorea.or.kr/cms/resource/84/4057984_image2_1.png', 'https://tong.visitkorea.or.kr/cms/resource/84/4057984_image3_1.png'),
  (369, '제6회 부산 봄꽃 전시회', 2, '부산 부산진구에서 열리는 제6회 부산 봄꽃 전시회는 주제형 행사·전시 프로그램입니다. 방문 전 운영 기간을 확인하는 것이 좋습니다.', 5, 35.1655426683447, 129.055839791494, '부산광역시 부산진구 시민공원로 73 (범전동)', '행사 기간 중 운영 · 상세 일정 매년 변동 · 문의 070-4006-6849', 'https://tong.visitkorea.or.kr/cms/resource/90/4056890_image2_1.png', 'https://tong.visitkorea.or.kr/cms/resource/90/4056890_image3_1.png'),
  (370, '작당페스타', 2, '작당페스타는 부산 중구에서 열리는 지역 축제입니다. 지역의 색이 담긴 프로그램과 무대가 기간 중 이어집니다.', 1, 35.10051001818189, 129.03097709836575, '부산광역시 중구 광복중앙로 13 (신창동1가) 청년작당소', '행사 기간 중 운영 · 상세 일정 매년 변동 · 문의 051-711-2980', 'https://tong.visitkorea.or.kr/cms/resource/00/4061800_image2_1.JPG', 'https://tong.visitkorea.or.kr/cms/resource/00/4061800_image3_1.JPG'),
  (371, '부산연등회', 2, '부산 부산진구에서 개최되는 부산연등회는 방문객이 함께 즐기는 축제입니다. 상세 일정과 프로그램은 해마다 달라질 수 있습니다.', 5, 35.1651593350767, 129.066875989537, '부산광역시 부산진구 동성로112번길 121-1 송상현광장 및 부산시민공원 일원', '행사 기간 중 운영 · 상세 일정 매년 변동 · 문의 051-867-0501', 'https://tong.visitkorea.or.kr/cms/resource/31/4054831_image2_1.jpg', 'https://tong.visitkorea.or.kr/cms/resource/31/4054831_image3_1.jpg'),
  (372, '기장멸치축제', 2, '기장멸치축제는 부산 기장군에서 열리는 지역 축제입니다. 지역의 색이 담긴 프로그램과 무대가 기간 중 이어집니다.', 16, 35.2247796540003, 129.230369319202, '부산광역시 기장군 기장읍 기장해안로 605', '행사 기간 중 운영 · 상세 일정 매년 변동 · 문의 051-721-4063', 'https://tong.visitkorea.or.kr/cms/resource/20/4059220_image2_1.jpg', 'https://tong.visitkorea.or.kr/cms/resource/20/4059220_image3_1.jpg'),
  (373, 'K-핸드메이드페어 부산 2026', 2, '부산 해운대구에서 열리는 K-핸드메이드페어 부산 2026은 주제형 행사·전시 프로그램입니다. 방문 전 운영 기간을 확인하는 것이 좋습니다.', 9, 35.16576593920963, 129.13494793474206, '부산광역시 해운대구 APEC로 30 (우동)', '행사 기간 중 운영 · 상세 일정 매년 변동 · 문의 02-761-2512', 'https://tong.visitkorea.or.kr/cms/resource/66/4059066_image2_1.jpg', 'https://tong.visitkorea.or.kr/cms/resource/66/4059066_image3_1.jpg'),
  (374, 'K-일러스트레이션페어 부산 2026', 2, 'K-일러스트레이션페어 부산 2026은 부산 해운대구에서 개최되는 행사입니다. 기간 중 전시와 부대 프로그램이 함께 운영됩니다.', 9, 35.1657825586672, 129.135026643506, '부산광역시 해운대구 APEC로 30 (우동)', '행사 기간 중 운영 · 상세 일정 매년 변동 · 문의 02-761-2512', NULL, NULL),
  (375, '강서 낙동강30리 벚꽃축제', 2, '부산 강서구에서 개최되는 강서 낙동강30리 벚꽃축제는 방문객이 함께 즐기는 축제입니다. 상세 일정과 프로그램은 해마다 달라질 수 있습니다.', 12, 35.209324, 128.986526, '부산 강서구 대저1동 1-17 대저생태공원 P3주차장', '행사 기간 중 운영 · 상세 일정 매년 변동 · 문의 070-8893-2437', 'https://tong.visitkorea.or.kr/cms/resource/77/4046477_image2_1.JPG', 'https://tong.visitkorea.or.kr/cms/resource/77/4046477_image3_1.JPG'),
  (376, '2026 대한민국 과학축제 with 부산과학축전', 2, '2026 대한민국 과학축제 with 부산과학축전은 부산 해운대구에서 개최되는 행사입니다. 기간 중 전시와 부대 프로그램이 함께 운영됩니다.', 9, 35.16870485081436, 129.13549370707003, '부산광역시 해운대구 APEC로 55 (우동)', '행사 기간 중 운영 · 상세 일정 매년 변동 · 문의 051-501-3124', 'https://tong.visitkorea.or.kr/cms/resource/42/4038942_image2_1.jpg', 'https://tong.visitkorea.or.kr/cms/resource/42/4038942_image3_1.jpg'),
  (377, '구룡마을 벚꽃축제', 2, '부산 영도구에서 개최되는 구룡마을 벚꽃축제는 방문객이 함께 즐기는 축제입니다. 상세 일정과 프로그램은 해마다 달라질 수 있습니다.', 4, 35.0771653250363, 129.081957168573, '부산광역시 영도구 해양로301번길 55 (동삼동) 아미르공원', '행사 기간 중 운영 · 상세 일정 매년 변동 · 문의 051-419-5721', 'https://tong.visitkorea.or.kr/cms/resource/41/4054241_image2_1.png', 'https://tong.visitkorea.or.kr/cms/resource/41/4054241_image3_1.png'),
  (378, '연제고분판타지축제', 2, '연제고분판타지축제는 부산 연제구에서 열리는 지역 축제입니다. 지역의 색이 담긴 프로그램과 무대가 기간 중 이어집니다.', 13, 35.1957563678299, 129.082747391408, '부산광역시 연제구 세병로 84 (거제동) 인근 온천천 시민공원', '행사 기간 중 운영 · 상세 일정 매년 변동 · 문의 051-665-4065', 'https://tong.visitkorea.or.kr/cms/resource/55/4046355_image2_1.jpg', 'https://tong.visitkorea.or.kr/cms/resource/55/4046355_image3_1.jpg'),
  (379, '사상 가로공원 벚꽃야장(野/夜) 페스티벌', 2, '부산 사상구에서 열리는 사상 가로공원 벚꽃야장(野/夜) 페스티벌은 주제형 행사·전시 프로그램입니다. 방문 전 운영 기간을 확인하는 것이 좋습니다.', 15, 35.1652410911366, 128.980999002132, '부산광역시 사상구 사상로223번길 40 (괘법동)', '행사 기간 중 운영 · 상세 일정 매년 변동 · 문의 051-714-1469', 'https://tong.visitkorea.or.kr/cms/resource/14/4041614_image2_1.jpg', 'https://tong.visitkorea.or.kr/cms/resource/14/4041614_image3_1.jpg'),
  (380, '제22회 부산도시농업박람회', 2, '제22회 부산도시농업박람회는 부산 강서구에서 개최되는 행사입니다. 기간 중 전시와 부대 프로그램이 함께 운영됩니다.', 12, 35.2074, 128.9847, '부산광역시 강서구 대저1동 1-5', '행사 기간 중 운영 · 상세 일정 매년 변동 · 문의 010-3871-5368', 'https://tong.visitkorea.or.kr/cms/resource/62/4041162_image2_1.jpg', 'https://tong.visitkorea.or.kr/cms/resource/62/4041162_image3_1.jpg'),
  (381, '제14회 부산국제항만컨퍼런스', 2, '부산 동구에서 열리는 제14회 부산국제항만컨퍼런스는 주제형 행사·전시 프로그램입니다. 방문 전 운영 기간을 확인하는 것이 좋습니다.', 3, 35.1175129767356, 129.049383440539, '부산광역시 동구 충장대로 206 (초량동)', '행사 기간 중 운영 · 상세 일정 매년 변동 · 문의 051-711-0069', 'https://tong.visitkorea.or.kr/cms/resource/79/4039679_image2_1.jpg', 'https://tong.visitkorea.or.kr/cms/resource/79/4039679_image3_1.jpg'),
  (382, '동래읍성역사축제', 2, '동래읍성역사축제는 부산 동래구에서 열리는 지역 축제입니다. 지역의 색이 담긴 프로그램과 무대가 기간 중 이어집니다.', 6, 35.2120802836554, 129.09053553882106, '부산광역시 동래구 문화로 80 (명륜동)', '행사 기간 중 운영 · 상세 일정 매년 변동 · 문의 051-550-4092', 'https://tong.visitkorea.or.kr/cms/resource/43/3366443_image2_1.jpg', 'https://tong.visitkorea.or.kr/cms/resource/43/3366443_image3_1.jpg'),
  (383, '라라라 페스티벌', 2, '부산 금정구에서 개최되는 라라라 페스티벌은 방문객이 함께 즐기는 축제입니다. 상세 일정과 프로그램은 해마다 달라질 수 있습니다.', 11, 35.2296146114021, 129.0893099886416, '부산광역시 금정구 장전온천천로 48 (장전동) 부산대 지하철역 아래 문화행사장 일원', '행사 기간 중 운영 · 상세 일정 매년 변동 · 문의 051-519-4422', 'https://tong.visitkorea.or.kr/cms/resource/40/4008540_image2_1.jpg', 'https://tong.visitkorea.or.kr/cms/resource/40/4008540_image3_1.jpg'),
  (384, '광안리 M(Marvelous) 드론 라이트쇼', 2, '광안리 M(Marvelous) 드론 라이트쇼는 부산 수영구에서 개최되는 행사입니다. 기간 중 전시와 부대 프로그램이 함께 운영됩니다.', 14, 35.1538130576, 129.1185477876, '부산광역시 수영구 광안해변로 219 (광안동)', '행사 기간 중 운영 · 상세 일정 매년 변동 · 문의 051-610-6518', 'http://tong.visitkorea.or.kr/cms/resource/12/3518612_image2_1.jpeg', 'http://tong.visitkorea.or.kr/cms/resource/12/3518612_image3_1.jpeg'),
  (385, '해운대 빛축제', 2, '부산 해운대구에서 개최되는 해운대 빛축제는 방문객이 함께 즐기는 축제입니다. 상세 일정과 프로그램은 해마다 달라질 수 있습니다.', 9, 35.1595354549, 129.1626049105, '부산광역시 해운대구 해운대해변로 280 (중동) 해운대 해수욕장', '행사 기간 중 운영 · 상세 일정 매년 변동 · 문의 051-749-4062', 'http://tong.visitkorea.or.kr/cms/resource/12/3576412_image2_1.jpg', 'http://tong.visitkorea.or.kr/cms/resource/12/3576412_image3_1.jpg'),
  (386, '카운트다운 부산', 2, '카운트다운 부산은 부산 수영구에서 열리는 지역 축제입니다. 지역의 색이 담긴 프로그램과 무대가 기간 중 이어집니다.', 14, 35.1538130576, 129.1185477876, '부산광역시 수영구 광안해변로 219 (광안동) 광안리 해수욕장', '행사 기간 중 운영 · 상세 일정 매년 변동 · 문의 051-850-9000', 'http://tong.visitkorea.or.kr/cms/resource/64/3579164_image2_1.png', 'http://tong.visitkorea.or.kr/cms/resource/64/3579164_image3_1.png'),
  (387, '크리스마스 빌리지 부산 2025', 2, '부산 해운대구에서 열리는 크리스마스 빌리지 부산 2025는 주제형 행사·전시 프로그램입니다. 방문 전 운영 기간을 확인하는 것이 좋습니다.', 9, 35.1710029572, 129.1270687971, '부산광역시 해운대구 수영강변대로 120 (우동)', '행사 기간 중 운영 · 상세 일정 매년 변동 · 문의 070-4680-1718', 'http://tong.visitkorea.or.kr/cms/resource/78/3569778_image2_1.jpg', 'http://tong.visitkorea.or.kr/cms/resource/78/3569778_image3_1.jpg'),
  (388, '게임 체험 팝업 전시 ‘Game-Playground’', 2, '게임 체험 팝업 전시 ‘Game-Playground’는 부산 수영구에서 개최되는 행사입니다. 기간 중 전시와 부대 프로그램이 함께 운영됩니다.', 14, 35.1504883662, 129.1151037338, '부산광역시 수영구 광남로 96 (광안동, 광안 포디움프레스티지 1) 지하 1층', '행사 기간 중 운영 · 상세 일정 매년 변동 · 문의 010-8552-8044', 'http://tong.visitkorea.or.kr/cms/resource/58/3579258_image2_1.jpg', 'http://tong.visitkorea.or.kr/cms/resource/58/3579258_image3_1.jpg'),
  (389, '부산국제아동도서전', 2, '부산 해운대구에서 개최되는 부산국제아동도서전은 방문객이 함께 즐기는 축제입니다. 상세 일정과 프로그램은 해마다 달라질 수 있습니다.', 9, 35.1687450332, 129.1355209016, '부산광역시 해운대구 APEC로 55 (우동) 벡스코 제1전시장 3홀', '행사 기간 중 운영 · 상세 일정 매년 변동 · 문의 02-733-8402', 'http://tong.visitkorea.or.kr/cms/resource/25/3536625_image2_1.jpg', 'http://tong.visitkorea.or.kr/cms/resource/25/3536625_image3_1.jpg'),
  (390, '광복로 겨울빛 트리축제', 2, '광복로 겨울빛 트리축제는 부산 중구에서 열리는 지역 축제입니다. 지역의 색이 담긴 프로그램과 무대가 기간 중 이어집니다.', 1, 35.0986398717, 129.0327400915, '부산광역시 중구 광복로 72-1 (광복동2가) 부산 광복로, 광복중앙로 일원', '행사 기간 중 운영 · 상세 일정 매년 변동 · 문의 051-714-4758', 'http://tong.visitkorea.or.kr/cms/resource/05/3576405_image2_1.JPG', 'http://tong.visitkorea.or.kr/cms/resource/05/3576405_image3_1.JPG'),
  (391, '온천천 빛 축제', 2, '부산 동래구에서 개최되는 온천천 빛 축제는 방문객이 함께 즐기는 축제입니다. 상세 일정과 프로그램은 해마다 달라질 수 있습니다.', 6, 35.2056537329, 129.0785081817, '부산광역시 동래구 중앙대로 1324 (온천동) 부산 온천천 (도시철도 동래역 4번출구 하부 ~ 큰나무 쉼터 일원)', '행사 기간 중 운영 · 상세 일정 매년 변동 · 문의 051-550-6642', 'http://tong.visitkorea.or.kr/cms/resource/72/3574272_image2_1.jpg', 'http://tong.visitkorea.or.kr/cms/resource/72/3574272_image3_1.jpg'),
  (392, '영도다리축제', 2, '영도다리축제는 부산 영도구에서 열리는 지역 축제입니다. 지역의 색이 담긴 프로그램과 무대가 기간 중 이어집니다.', 4, 35.0786013237, 129.0802726164, '부산광역시 영도구 해양로301번길 45 (동삼동) 아미르공원', '행사 기간 중 운영 · 상세 일정 매년 변동', 'http://tong.visitkorea.or.kr/cms/resource/90/3561790_image2_1.jpg', 'http://tong.visitkorea.or.kr/cms/resource/90/3561790_image3_1.jpg'),
  (393, '부산국제공연예술마켓', 2, '부산 남구에서 개최되는 부산국제공연예술마켓은 방문객이 함께 즐기는 축제입니다. 상세 일정과 프로그램은 해마다 달라질 수 있습니다.', 7, 35.128507099, 129.0937450823, '부산광역시 남구 유엔평화로76번길 1 (대연동) 부산문화회관', '행사 기간 중 운영 · 상세 일정 매년 변동 · 문의 051-745-7298', 'http://tong.visitkorea.or.kr/cms/resource/43/3537143_image2_1.jpg', 'http://tong.visitkorea.or.kr/cms/resource/43/3537143_image3_1.jpg'),
  (394, '부산중구반려동물축제', 2, '부산중구반려동물축제는 부산 중구에서 열리는 지역 축제입니다. 지역의 색이 담긴 프로그램과 무대가 기간 중 이어집니다.', 1, 35.1011951345, 129.0323594995, '부산광역시 중구 용두산길 37-30 (광복동2가)', '행사 기간 중 운영 · 상세 일정 매년 변동 · 문의 070-8893-2437', 'http://tong.visitkorea.or.kr/cms/resource/63/3559563_image2_1.jpg', 'http://tong.visitkorea.or.kr/cms/resource/63/3559563_image3_1.jpg'),
  (395, '부산고등어축제', 2, '부산 서구에서 개최되는 부산고등어축제는 방문객이 함께 즐기는 축제입니다. 상세 일정과 프로그램은 해마다 달라질 수 있습니다.', 2, 35.0768587065, 129.0180752934, '부산광역시 서구 송도해변로 100 (암남동) 송도해수욕장', '행사 기간 중 운영 · 상세 일정 매년 변동 · 문의 051-231-4085', 'http://tong.visitkorea.or.kr/cms/resource/36/3547136_image2_1.jpg', 'http://tong.visitkorea.or.kr/cms/resource/36/3547136_image3_1.jpg'),
  (396, '부산 스트릿 페스타 인 광복', 2, '부산 스트릿 페스타 인 광복은 부산 중구에서 열리는 지역 축제입니다. 지역의 색이 담긴 프로그램과 무대가 기간 중 이어집니다.', 1, 35.0986398717, 129.0327400915, '부산광역시 중구 광복로 72-1 (광복동2가) 부산 광복로 패션거리 일대', '행사 기간 중 운영 · 상세 일정 매년 변동 · 문의 070-4808-2875', 'http://tong.visitkorea.or.kr/cms/resource/44/3556944_image2_1.png', 'http://tong.visitkorea.or.kr/cms/resource/44/3556944_image3_1.png'),
  (397, '옥토버페스타 인 광안리', 2, '부산 수영구에서 개최되는 옥토버페스타 인 광안리는 방문객이 함께 즐기는 축제입니다. 상세 일정과 프로그램은 해마다 달라질 수 있습니다.', 14, 35.1568628164, 129.1239638996, '부산광역시 수영구 민락로6번길 29 (민락동)', '행사 기간 중 운영 · 상세 일정 매년 변동 · 문의 051-610-4511', 'http://tong.visitkorea.or.kr/cms/resource/52/3555352_image2_1.png', 'http://tong.visitkorea.or.kr/cms/resource/52/3555352_image3_1.png'),
  (398, '2025 영호남 전통시장 박람회', 2, '2025 영호남 전통시장 박람회는 부산 부산진구에서 개최되는 행사입니다. 기간 중 전시와 부대 프로그램이 함께 운영됩니다.', 5, 35.1652745207, 129.0567056306, '부산광역시 부산진구 시민공원로 73 (범전동)', '행사 기간 중 운영 · 상세 일정 매년 변동 · 문의 051-635-5331', 'http://tong.visitkorea.or.kr/cms/resource/71/3553771_image2_1.jpg', 'http://tong.visitkorea.or.kr/cms/resource/71/3553771_image3_1.jpg'),
  (399, '유라리 건맥축제', 2, '부산 중구에서 개최되는 유라리 건맥축제는 방문객이 함께 즐기는 축제입니다. 상세 일정과 프로그램은 해마다 달라질 수 있습니다.', 1, 35.0964901712, 129.0359065412, '부산광역시 중구 용미길9번길 6-45 (남포동1가)', '행사 기간 중 운영 · 상세 일정 매년 변동 · 문의 051-714-4674', 'http://tong.visitkorea.or.kr/cms/resource/08/3550808_image2_1.jpg', 'http://tong.visitkorea.or.kr/cms/resource/08/3550808_image3_1.jpg'),
  (400, '부산종합민속예술제', 2, '부산종합민속예술제는 부산 부산진구에서 열리는 지역 축제입니다. 지역의 색이 담긴 프로그램과 무대가 기간 중 이어집니다.', 5, 35.1654495102, 129.0572361352, '부산광역시 부산진구 시민공원로 73 (범전동) 부산시민공원 다솜광장', '행사 기간 중 운영 · 상세 일정 매년 변동 · 문의 051-714-1508', 'http://tong.visitkorea.or.kr/cms/resource/47/3359047_image2_1.jpg', 'http://tong.visitkorea.or.kr/cms/resource/47/3359047_image3_1.jpg');

INSERT INTO `place` (`id`, `name`, `type_id`, `description`, `district_id`, `latitude`, `longitude`, `address`, `operating_info`, `image_url_1`, `image_url_2`) VALUES
  (401, '전포커피축제', 2, '부산 부산진구에서 개최되는 전포커피축제는 방문객이 함께 즐기는 축제입니다. 상세 일정과 프로그램은 해마다 달라질 수 있습니다.', 5, 35.155470189, 129.0635525258, '부산광역시 부산진구 전포동 전포대로209번길 일원', '행사 기간 중 운영 · 상세 일정 매년 변동 · 문의 051-605-4522', 'http://tong.visitkorea.or.kr/cms/resource/54/3549654_image2_1.png', 'http://tong.visitkorea.or.kr/cms/resource/54/3549654_image3_1.png'),
  (402, '글로컬 문화 in(人) 남산 페스티벌', 2, '글로컬 문화 in(人) 남산 페스티벌은 부산 금정구에서 열리는 지역 축제입니다. 지역의 색이 담긴 프로그램과 무대가 기간 중 이어집니다.', 11, 35.2668415191, 129.0893638877, '부산광역시 금정구 남산로 27 (남산동)', '행사 기간 중 운영 · 상세 일정 매년 변동 · 문의 051-714-4674', 'http://tong.visitkorea.or.kr/cms/resource/48/3552448_image2_1.jpg', 'http://tong.visitkorea.or.kr/cms/resource/48/3552448_image3_1.jpg'),
  (403, '기장붕장어축제in칠암', 2, '부산 기장군에서 개최되는 기장붕장어축제in칠암은 방문객이 함께 즐기는 축제입니다. 상세 일정과 프로그램은 해마다 달라질 수 있습니다.', 16, 35.2983189421, 129.2599953837, '부산광역시 기장군 일광읍 칠암리 2-9 칠암붕장어마을', '행사 기간 중 운영 · 상세 일정 매년 변동 · 문의 051-721-8050', 'http://tong.visitkorea.or.kr/cms/resource/29/3553829_image2_1.JPG', 'http://tong.visitkorea.or.kr/cms/resource/29/3553829_image3_1.JPG'),
  (404, '부산글로벌웹툰페스티벌', 2, '부산글로벌웹툰페스티벌은 부산 해운대구에서 열리는 지역 축제입니다. 지역의 색이 담긴 프로그램과 무대가 기간 중 이어집니다.', 9, 35.1727527343, 129.1256077644, '부산광역시 해운대구 수영강변대로 140 (우동)', '행사 기간 중 운영 · 상세 일정 매년 변동 · 문의 070-5080-2804', 'http://tong.visitkorea.or.kr/cms/resource/04/3531704_image2_1.png', 'http://tong.visitkorea.or.kr/cms/resource/04/3531704_image3_1.png'),
  (405, '사상강변축제', 2, '부산 사상구에서 개최되는 사상강변축제는 방문객이 함께 즐기는 축제입니다. 상세 일정과 프로그램은 해마다 달라질 수 있습니다.', 15, 35.168939243, 128.9735266606, '부산광역시 사상구 삼락동 29-52 삼락생태공원', '행사 기간 중 운영 · 상세 일정 매년 변동 · 문의 010-7326-1991', 'http://tong.visitkorea.or.kr/cms/resource/40/3539740_image2_1.png', 'http://tong.visitkorea.or.kr/cms/resource/40/3539740_image3_1.png'),
  (406, '부산국제공연예술제', 2, '부산국제공연예술제는 부산 금정구에서 열리는 지역 축제입니다. 지역의 색이 담긴 프로그램과 무대가 기간 중 이어집니다.', 11, 35.2296540211, 129.0893371356, '부산광역시 금정구 장전온천천로 48 (장전동) 부산광역시 금정구 온천천 및 부산대학로 일원', '행사 기간 중 운영 · 상세 일정 매년 변동 · 문의 051-715-6984', 'http://tong.visitkorea.or.kr/cms/resource/24/3534524_image2_1.jpg', 'http://tong.visitkorea.or.kr/cms/resource/24/3534524_image3_1.jpg'),
  (407, '부산수제맥주마스터스챌린지', 2, '부산 해운대구에서 개최되는 부산수제맥주마스터스챌린지는 방문객이 함께 즐기는 축제입니다. 상세 일정과 프로그램은 해마다 달라질 수 있습니다.', 9, 35.1687450332, 129.1355209016, '부산광역시 해운대구 APEC로 55 (우동)', '행사 기간 중 운영 · 상세 일정 매년 변동 · 문의 051-714-4758', 'http://tong.visitkorea.or.kr/cms/resource/53/3536453_image2_1.jpg', 'http://tong.visitkorea.or.kr/cms/resource/53/3536453_image3_1.jpg'),
  (408, '페스티벌 시월', 2, '페스티벌 시월은 부산 해운대구에서 열리는 지역 축제입니다. 지역의 색이 담긴 프로그램과 무대가 기간 중 이어집니다.', 9, 35.1687450332, 129.1355209016, '부산광역시 해운대구 APEC로 55 (우동) 벡스코 등 부산광역시 전역', '행사 기간 중 운영 · 상세 일정 매년 변동 · 문의 051-711-0054', 'http://tong.visitkorea.or.kr/cms/resource/68/3533968_image2_1.jpg', 'http://tong.visitkorea.or.kr/cms/resource/68/3533968_image3_1.jpg'),
  (409, '부산 서구 의료관광축제', 2, '부산 서구에서 개최되는 부산 서구 의료관광축제는 방문객이 함께 즐기는 축제입니다. 상세 일정과 프로그램은 해마다 달라질 수 있습니다.', 2, 35.0727563766, 129.017475457, '부산광역시 서구 송도해변로 36 (암남동)', '행사 기간 중 운영 · 상세 일정 매년 변동 · 문의 051-240-4017', 'http://tong.visitkorea.or.kr/cms/resource/55/3532955_image2_1.jpg', 'http://tong.visitkorea.or.kr/cms/resource/55/3532955_image3_1.jpg'),
  (410, '중구민의 날 페스타', 2, '중구민의 날 페스타는 부산 중구에서 열리는 지역 축제입니다. 지역의 색이 담긴 프로그램과 무대가 기간 중 이어집니다.', 1, 35.1055392233, 129.0394309881, '부산광역시 중구 충장대로 26 (중앙동4가)', '행사 기간 중 운영 · 상세 일정 매년 변동 · 문의 051-600-4102', 'http://tong.visitkorea.or.kr/cms/resource/60/3532060_image2_1.JPG', 'http://tong.visitkorea.or.kr/cms/resource/60/3532060_image3_1.JPG'),
  (411, '헬로메이커', 2, '부산 기장군에서 개최되는 헬로메이커는 방문객이 함께 즐기는 축제입니다. 상세 일정과 프로그램은 해마다 달라질 수 있습니다.', 16, 35.204636891, 129.2127298662, '부산광역시 기장군 기장읍 동부산관광6로 59', '행사 기간 중 운영 · 상세 일정 매년 변동 · 문의 1422-23', 'http://tong.visitkorea.or.kr/cms/resource/93/3525493_image2_1.png', 'http://tong.visitkorea.or.kr/cms/resource/93/3525493_image3_1.png'),
  (412, '2025 부산세일페스타 부대앞으로', 2, '2025 부산세일페스타 부대앞으로는 부산 금정구에서 개최되는 행사입니다. 기간 중 전시와 부대 프로그램이 함께 운영됩니다.', 11, 35.2301428332, 129.0881150065, '부산광역시 금정구 장전로12번길 55 (장전동)', '행사 기간 중 운영 · 상세 일정 매년 변동 · 문의 051-714-1497', 'http://tong.visitkorea.or.kr/cms/resource/62/3528962_image2_1.png', 'http://tong.visitkorea.or.kr/cms/resource/62/3528962_image3_1.png'),
  (413, '2025 서부산 슈퍼어싱 페스티벌', 2, '부산 사하구에서 열리는 2025 서부산 슈퍼어싱 페스티벌은 주제형 행사·전시 프로그램입니다. 방문 전 운영 기간을 확인하는 것이 좋습니다.', 10, 35.0463945293, 128.9680471374, '부산광역시 사하구 몰운대1길 14 (다대동)', '행사 기간 중 운영 · 상세 일정 매년 변동 · 문의 070-4129-1082', 'http://tong.visitkorea.or.kr/cms/resource/23/3524123_image2_1.jpg', 'http://tong.visitkorea.or.kr/cms/resource/23/3524123_image3_1.jpg'),
  (414, '2025 별바다부산 나이트마켓', 2, '2025 별바다부산 나이트마켓은 부산 북구에서 개최되는 행사입니다. 기간 중 전시와 부대 프로그램이 함께 운영됩니다.', 8, 35.2397152762, 129.0078550672, '부산광역시 북구 생태공원길 270 (화명동)', '행사 기간 중 운영 · 상세 일정 매년 변동 · 문의 051-710-6948', 'http://tong.visitkorea.or.kr/cms/resource/89/3524089_image2_1.png', 'http://tong.visitkorea.or.kr/cms/resource/89/3524089_image3_1.png'),
  (415, '제2회 선원의날 한마음 걷기축제', 2, '부산 영도구에서 열리는 제2회 선원의날 한마음 걷기축제는 주제형 행사·전시 프로그램입니다. 방문 전 운영 기간을 확인하는 것이 좋습니다.', 4, 35.0772042891, 129.0819836173, '부산광역시 영도구 해양로301번길 55 (동삼동)', '행사 기간 중 운영 · 상세 일정 매년 변동 · 문의 070-4156-2526', 'http://tong.visitkorea.or.kr/cms/resource/09/3495409_image2_1.png', 'http://tong.visitkorea.or.kr/cms/resource/09/3495409_image3_1.png'),
  (416, '기장임랑썸머뮤직페스티벌', 2, '기장임랑썸머뮤직페스티벌은 부산 기장군에서 열리는 지역 축제입니다. 지역의 색이 담긴 프로그램과 무대가 기간 중 이어집니다.', 16, 35.3185806381, 129.2642527829, '부산광역시 기장군 장안읍 임랑리 임랑해수욕장 특설무대', '행사 기간 중 운영 · 상세 일정 매년 변동 · 문의 051-727-7328', 'http://tong.visitkorea.or.kr/cms/resource/82/3516182_image2_1.png', 'http://tong.visitkorea.or.kr/cms/resource/82/3516182_image3_1.png'),
  (417, '부산국제AI영화제', 2, '부산 해운대구에서 진행되는 부산국제AI영화제는 무대 공연 프로그램입니다. 공연 일정은 주최 측 안내에 따라 변경될 수 있습니다.', 9, 35.1710029572, 129.1270687971, '부산광역시 해운대구 수영강변대로 120 (우동)', '행사 기간 중 운영 · 상세 일정 매년 변동 · 문의 051-780-6115', 'http://tong.visitkorea.or.kr/cms/resource/10/3515310_image2_1.jpg', 'http://tong.visitkorea.or.kr/cms/resource/10/3515310_image3_1.jpg'),
  (418, '대한민국 국제해양레저위크(KIMA WEEK)', 2, '대한민국 국제해양레저위크(KIMA WEEK)는 부산 사하구에서 열리는 지역 축제입니다. 지역의 색이 담긴 프로그램과 무대가 기간 중 이어집니다.', 10, 35.0572211857, 128.9729408629, '부산광역시 사하구 다대동', '행사 기간 중 운영 · 상세 일정 매년 변동 · 문의 051-760-1130', 'http://tong.visitkorea.or.kr/cms/resource/21/2553821_image2_1.jpg', 'http://tong.visitkorea.or.kr/cms/resource/21/2553821_image2_1.jpg'),
  (419, '부산인디커넥트페스티벌', 2, '부산 해운대구에서 열리는 부산인디커넥트페스티벌은 주제형 행사·전시 프로그램입니다. 방문 전 운영 기간을 확인하는 것이 좋습니다.', 9, 35.1687450332, 129.1355209016, '부산광역시 해운대구 APEC로 55 (우동)', '행사 기간 중 운영 · 상세 일정 매년 변동 · 문의 070-8855-5058', 'http://tong.visitkorea.or.kr/cms/resource/37/3510437_image2_1.jpg', 'http://tong.visitkorea.or.kr/cms/resource/37/3510437_image3_1.jpg'),
  (420, '부산바다축제', 2, '부산바다축제는 부산 사하구에서 열리는 지역 축제입니다. 지역의 색이 담긴 프로그램과 무대가 기간 중 이어집니다.', 10, 35.0470333131, 128.9662222789, '부산광역시 사하구 다대동 다대포 해수욕장', '행사 기간 중 운영 · 상세 일정 매년 변동 · 문의 051-713-5000', 'http://tong.visitkorea.or.kr/cms/resource/58/3504958_image2_1.jpg', 'http://tong.visitkorea.or.kr/cms/resource/58/3504958_image3_1.jpg'),
  (421, '2025 부산여행영화제', 2, '부산 해운대구에서 진행되는 2025 부산여행영화제는 무대 공연 프로그램입니다. 공연 일정은 주최 측 안내에 따라 변경될 수 있습니다.', 9, 35.1710029572, 129.1270687971, '부산광역시 해운대구 수영강변대로 120 (우동)', '행사 기간 중 운영 · 상세 일정 매년 변동 · 문의 0770-7525-3658', 'http://tong.visitkorea.or.kr/cms/resource/85/3502985_image2_1.png', 'http://tong.visitkorea.or.kr/cms/resource/85/3502985_image3_1.png'),
  (422, '다대포 선셋 영화 축제', 2, '다대포 선셋 영화 축제는 부산 사하구에서 열리는 공연입니다. 회차별 좌석과 관람 등급이 다르므로 예매 전 확인이 필요합니다.', 10, 35.0482331719, 128.9658500566, '부산광역시 사하구 다대로 지하692 (다대동)', '행사 기간 중 운영 · 상세 일정 매년 변동 · 문의 010-8859-2115', 'http://tong.visitkorea.or.kr/cms/resource/05/3502005_image2_1.jpg', 'http://tong.visitkorea.or.kr/cms/resource/05/3502005_image3_1.jpg');


-- ------------------------------------------------------------
-- 검증 쿼리
-- ------------------------------------------------------------
-- SELECT COUNT(*) FROM `place`;                       -- 기대값: 422
-- SELECT t.name, COUNT(*) FROM `place` p JOIN `place_type` t ON p.type_id = t.id GROUP BY t.name;
-- SELECT d.name, COUNT(*) FROM `place` p JOIN `district` d ON p.district_id = d.id GROUP BY d.name ORDER BY 2 DESC;
